date,store_id,item_id,sales,is_promo
2021-01-04,Store_1,Item_1,327.6,0
2021-01-11,Store_1,Item_1,261.1,0
2021-01-18,Store_1,Item_1,250.4,0
2021-01-25,Store_1,Item_1,556.8,1
2021-02-01,Store_1,Item_1,600.0,1
2021-02-08,Store_1,Item_1,275.6,0
2021-02-15,Store_1,Item_1,258.6,0
2021-02-22,Store_1,Item_1,328.6,0
2021-03-01,Store_1,Item_1,215.7,0
2021-03-08,Store_1,Item_1,359.5,1
2021-03-15,Store_1,Item_1,258.3,0
2021-03-22,Store_1,Item_1,212.3,0
2021-03-29,Store_1,Item_1,215.8,0
2021-04-05,Store_1,Item_1,202.4,0
2021-04-12,Store_1,Item_1,209.7,0
2021-04-19,Store_1,Item_1,237.3,0
2021-04-26,Store_1,Item_1,188.7,0
2021-05-03,Store_1,Item_1,199.3,0
2021-05-10,Store_1,Item_1,183.0,1
2021-05-17,Store_1,Item_1,173.2,0
2021-05-24,Store_1,Item_1,152.6,0
2021-05-31,Store_1,Item_1,144.2,0
2021-06-07,Store_1,Item_1,152.8,0
2021-06-14,Store_1,Item_1,168.2,0
2021-06-21,Store_1,Item_1,207.3,0
2021-06-28,Store_1,Item_1,222.3,1
2021-07-05,Store_1,Item_1,193.6,0
2021-07-12,Store_1,Item_1,186.5,0
2021-07-19,Store_1,Item_1,199.3,0
2021-07-26,Store_1,Item_1,254.4,0
2021-08-02,Store_1,Item_1,249.0,0
2021-08-09,Store_1,Item_1,294.4,0
2021-08-16,Store_1,Item_1,401.1,1
2021-08-23,Store_1,Item_1,239.4,0
2021-08-30,Store_1,Item_1,269.1,0
2021-09-06,Store_1,Item_1,301.6,0
2021-09-13,Store_1,Item_1,311.7,0
2021-09-20,Store_1,Item_1,399.4,1
2021-09-27,Store_1,Item_1,332.4,0
2021-10-04,Store_1,Item_1,611.3,1
2021-10-11,Store_1,Item_1,509.4,0
2021-10-18,Store_1,Item_1,475.8,0
2021-10-25,Store_1,Item_1,490.5,1
2021-11-01,Store_1,Item_1,360.1,0
2021-11-08,Store_1,Item_1,307.2,0
2021-11-15,Store_1,Item_1,354.5,0
2021-11-22,Store_1,Item_1,409.5,0
2021-11-29,Store_1,Item_1,470.1,0
2021-12-06,Store_1,Item_1,551.3,1
2021-12-13,Store_1,Item_1,356.0,0
2021-12-20,Store_1,Item_1,415.4,1
2021-12-27,Store_1,Item_1,377.1,0
2022-01-03,Store_1,Item_1,325.3,0
2022-01-10,Store_1,Item_1,346.3,0
2022-01-17,Store_1,Item_1,322.1,0
2022-01-24,Store_1,Item_1,517.7,1
2022-01-31,Store_1,Item_1,429.6,1
2022-02-07,Store_1,Item_1,271.9,0
2022-02-14,Store_1,Item_1,449.8,0
2022-02-21,Store_1,Item_1,260.8,0
2022-02-28,Store_1,Item_1,258.3,0
2022-03-07,Store_1,Item_1,384.5,0
2022-03-14,Store_1,Item_1,715.2,1
2022-03-21,Store_1,Item_1,226.1,0
2022-03-28,Store_1,Item_1,244.5,0
2022-04-04,Store_1,Item_1,260.9,0
2022-04-11,Store_1,Item_1,308.6,0
2022-04-18,Store_1,Item_1,198.5,0
2022-04-25,Store_1,Item_1,214.6,0
2022-05-02,Store_1,Item_1,366.3,1
2022-05-09,Store_1,Item_1,226.0,0
2022-05-16,Store_1,Item_1,197.2,0
2022-05-23,Store_1,Item_1,342.1,1
2022-05-30,Store_1,Item_1,266.1,1
2022-06-06,Store_1,Item_1,201.0,0
2022-06-13,Store_1,Item_1,203.2,0
2022-06-20,Store_1,Item_1,394.2,1
2022-06-27,Store_1,Item_1,204.9,0
2022-07-04,Store_1,Item_1,247.2,0
2022-07-11,Store_1,Item_1,424.4,1
2022-07-18,Store_1,Item_1,256.1,0
2022-07-25,Store_1,Item_1,276.1,0
2022-08-01,Store_1,Item_1,276.9,0
2022-08-08,Store_1,Item_1,288.4,0
2022-08-15,Store_1,Item_1,271.8,0
2022-08-22,Store_1,Item_1,332.9,0
2022-08-29,Store_1,Item_1,327.9,0
2022-09-05,Store_1,Item_1,475.4,0
2022-09-12,Store_1,Item_1,762.0,1
2022-09-19,Store_1,Item_1,400.2,0
2022-09-26,Store_1,Item_1,349.9,0
2022-10-03,Store_1,Item_1,343.7,0
2022-10-10,Store_1,Item_1,499.8,0
2022-10-17,Store_1,Item_1,447.2,0
2022-10-24,Store_1,Item_1,473.1,0
2022-10-31,Store_1,Item_1,346.5,0
2022-11-07,Store_1,Item_1,524.8,0
2022-11-14,Store_1,Item_1,727.3,1
2022-11-21,Store_1,Item_1,395.8,0
2022-11-28,Store_1,Item_1,437.7,0
2022-12-05,Store_1,Item_1,489.2,0
2022-12-12,Store_1,Item_1,774.0,1
2022-12-19,Store_1,Item_1,446.6,0
2022-12-26,Store_1,Item_1,454.9,0
2023-01-02,Store_1,Item_1,439.0,0
2023-01-09,Store_1,Item_1,458.5,0
2023-01-16,Store_1,Item_1,783.6,1
2023-01-23,Store_1,Item_1,292.3,0
2023-01-30,Store_1,Item_1,402.7,0
2023-02-06,Store_1,Item_1,415.5,0
2023-02-13,Store_1,Item_1,409.2,0
2023-02-20,Store_1,Item_1,357.4,0
2023-02-27,Store_1,Item_1,279.9,0
2023-03-06,Store_1,Item_1,562.7,1
2023-03-13,Store_1,Item_1,434.2,0
2023-03-20,Store_1,Item_1,256.1,0
2023-03-27,Store_1,Item_1,351.3,0
2023-04-03,Store_1,Item_1,282.3,0
2023-04-10,Store_1,Item_1,282.6,0
2023-04-17,Store_1,Item_1,235.0,0
2023-04-24,Store_1,Item_1,253.3,0
2023-05-01,Store_1,Item_1,453.7,1
2023-05-08,Store_1,Item_1,276.3,0
2023-05-15,Store_1,Item_1,322.9,0
2023-05-22,Store_1,Item_1,294.9,0
2023-05-29,Store_1,Item_1,264.0,0
2023-06-05,Store_1,Item_1,551.7,1
2023-06-12,Store_1,Item_1,270.0,0
2023-06-19,Store_1,Item_1,516.8,1
2023-06-26,Store_1,Item_1,254.6,0
2023-07-03,Store_1,Item_1,278.3,0
2023-07-10,Store_1,Item_1,258.3,0
2023-07-17,Store_1,Item_1,537.0,1
2023-07-24,Store_1,Item_1,455.1,1
2023-07-31,Store_1,Item_1,369.2,0
2023-08-07,Store_1,Item_1,335.2,0
2023-08-14,Store_1,Item_1,431.1,0
2023-08-21,Store_1,Item_1,424.7,0
2023-08-28,Store_1,Item_1,838.2,1
2023-09-04,Store_1,Item_1,697.0,1
2023-09-11,Store_1,Item_1,343.3,0
2023-09-18,Store_1,Item_1,447.3,0
2023-09-25,Store_1,Item_1,558.2,1
2023-10-02,Store_1,Item_1,449.1,0
2023-10-09,Store_1,Item_1,626.8,0
2023-10-16,Store_1,Item_1,565.5,0
2023-10-23,Store_1,Item_1,474.5,0
2023-10-30,Store_1,Item_1,462.0,0
2023-11-06,Store_1,Item_1,549.1,0
2023-11-13,Store_1,Item_1,461.7,0
2023-11-20,Store_1,Item_1,505.4,0
2023-11-27,Store_1,Item_1,588.3,0
2023-12-04,Store_1,Item_1,668.2,0
2023-12-11,Store_1,Item_1,614.5,0
2023-12-18,Store_1,Item_1,396.3,0
2023-12-25,Store_1,Item_1,578.1,0
2021-01-04,Store_1,Item_2,184.3,0
2021-01-11,Store_1,Item_2,229.8,0
2021-01-18,Store_1,Item_2,170.9,0
2021-01-25,Store_1,Item_2,221.5,0
2021-02-01,Store_1,Item_2,176.9,0
2021-02-08,Store_1,Item_2,292.9,1
2021-02-15,Store_1,Item_2,288.9,1
2021-02-22,Store_1,Item_2,148.9,0
2021-03-01,Store_1,Item_2,131.5,0
2021-03-08,Store_1,Item_2,136.0,0
2021-03-15,Store_1,Item_2,236.4,1
2021-03-22,Store_1,Item_2,106.0,0
2021-03-29,Store_1,Item_2,141.3,0
2021-04-05,Store_1,Item_2,113.8,0
2021-04-12,Store_1,Item_2,140.8,0
2021-04-19,Store_1,Item_2,80.0,0
2021-04-26,Store_1,Item_2,98.5,0
2021-05-03,Store_1,Item_2,83.7,0
2021-05-10,Store_1,Item_2,93.1,0
2021-05-17,Store_1,Item_2,107.6,0
2021-05-24,Store_1,Item_2,100.2,0
2021-05-31,Store_1,Item_2,178.2,1
2021-06-07,Store_1,Item_2,101.2,0
2021-06-14,Store_1,Item_2,108.4,0
2021-06-21,Store_1,Item_2,92.5,0
2021-06-28,Store_1,Item_2,123.0,0
2021-07-05,Store_1,Item_2,178.6,1
2021-07-12,Store_1,Item_2,126.2,0
2021-07-19,Store_1,Item_2,135.2,0
2021-07-26,Store_1,Item_2,136.2,0
2021-08-02,Store_1,Item_2,185.1,0
2021-08-09,Store_1,Item_2,141.6,0
2021-08-16,Store_1,Item_2,239.1,1
2021-08-23,Store_1,Item_2,141.1,0
2021-08-30,Store_1,Item_2,141.8,0
2021-09-06,Store_1,Item_2,143.7,0
2021-09-13,Store_1,Item_2,158.1,0
2021-09-20,Store_1,Item_2,319.9,1
2021-09-27,Store_1,Item_2,205.0,0
2021-10-04,Store_1,Item_2,353.7,1
2021-10-11,Store_1,Item_2,264.1,1
2021-10-18,Store_1,Item_2,244.6,0
2021-10-25,Store_1,Item_2,433.2,1
2021-11-01,Store_1,Item_2,373.0,1
2021-11-08,Store_1,Item_2,206.2,0
2021-11-15,Store_1,Item_2,249.8,0
2021-11-22,Store_1,Item_2,238.9,0
2021-11-29,Store_1,Item_2,188.2,0
2021-12-06,Store_1,Item_2,231.6,0
2021-12-13,Store_1,Item_2,242.7,0
2021-12-20,Store_1,Item_2,344.5,1
2021-12-27,Store_1,Item_2,236.4,0
2022-01-03,Store_1,Item_2,182.5,0
2022-01-10,Store_1,Item_2,272.0,0
2022-01-17,Store_1,Item_2,263.0,0
2022-01-24,Store_1,Item_2,205.3,0
2022-01-31,Store_1,Item_2,219.0,0
2022-02-07,Store_1,Item_2,140.5,0
2022-02-14,Store_1,Item_2,163.9,0
2022-02-21,Store_1,Item_2,179.8,0
2022-02-28,Store_1,Item_2,219.2,1
2022-03-07,Store_1,Item_2,193.4,0
2022-03-14,Store_1,Item_2,224.8,0
2022-03-21,Store_1,Item_2,134.3,0
2022-03-28,Store_1,Item_2,228.2,1
2022-04-04,Store_1,Item_2,152.7,0
2022-04-11,Store_1,Item_2,180.4,0
2022-04-18,Store_1,Item_2,167.9,1
2022-04-25,Store_1,Item_2,137.4,0
2022-05-02,Store_1,Item_2,267.6,1
2022-05-09,Store_1,Item_2,98.5,0
2022-05-16,Store_1,Item_2,102.5,0
2022-05-23,Store_1,Item_2,115.5,0
2022-05-30,Store_1,Item_2,113.8,0
2022-06-06,Store_1,Item_2,139.8,0
2022-06-13,Store_1,Item_2,130.4,0
2022-06-20,Store_1,Item_2,98.7,0
2022-06-27,Store_1,Item_2,142.9,0
2022-07-04,Store_1,Item_2,208.7,1
2022-07-11,Store_1,Item_2,172.4,0
2022-07-18,Store_1,Item_2,197.8,1
2022-07-25,Store_1,Item_2,141.7,0
2022-08-01,Store_1,Item_2,177.1,0
2022-08-08,Store_1,Item_2,192.2,0
2022-08-15,Store_1,Item_2,192.5,0
2022-08-22,Store_1,Item_2,213.5,1
2022-08-29,Store_1,Item_2,214.4,0
2022-09-05,Store_1,Item_2,269.8,1
2022-09-12,Store_1,Item_2,223.6,0
2022-09-19,Store_1,Item_2,298.8,1
2022-09-26,Store_1,Item_2,249.3,0
2022-10-03,Store_1,Item_2,213.9,0
2022-10-10,Store_1,Item_2,205.5,0
2022-10-17,Store_1,Item_2,284.5,0
2022-10-24,Store_1,Item_2,271.5,0
2022-10-31,Store_1,Item_2,243.9,0
2022-11-07,Store_1,Item_2,337.4,0
2022-11-14,Store_1,Item_2,257.8,0
2022-11-21,Store_1,Item_2,443.7,1
2022-11-28,Store_1,Item_2,290.7,0
2022-12-05,Store_1,Item_2,255.0,0
2022-12-12,Store_1,Item_2,299.4,0
2022-12-19,Store_1,Item_2,430.6,1
2022-12-26,Store_1,Item_2,258.4,0
2023-01-02,Store_1,Item_2,332.2,0
2023-01-09,Store_1,Item_2,228.2,0
2023-01-16,Store_1,Item_2,182.2,0
2023-01-23,Store_1,Item_2,324.2,0
2023-01-30,Store_1,Item_2,362.9,0
2023-02-06,Store_1,Item_2,226.6,0
2023-02-13,Store_1,Item_2,174.4,0
2023-02-20,Store_1,Item_2,344.3,1
2023-02-27,Store_1,Item_2,207.3,0
2023-03-06,Store_1,Item_2,202.1,0
2023-03-13,Store_1,Item_2,169.0,0
2023-03-20,Store_1,Item_2,208.7,0
2023-03-27,Store_1,Item_2,198.6,0
2023-04-03,Store_1,Item_2,141.1,0
2023-04-10,Store_1,Item_2,188.2,0
2023-04-17,Store_1,Item_2,222.1,0
2023-04-24,Store_1,Item_2,162.4,0
2023-05-01,Store_1,Item_2,211.8,1
2023-05-08,Store_1,Item_2,147.5,0
2023-05-15,Store_1,Item_2,162.6,0
2023-05-22,Store_1,Item_2,113.6,0
2023-05-29,Store_1,Item_2,150.7,0
2023-06-05,Store_1,Item_2,139.8,0
2023-06-12,Store_1,Item_2,198.1,0
2023-06-19,Store_1,Item_2,228.6,1
2023-06-26,Store_1,Item_2,203.0,0
2023-07-03,Store_1,Item_2,139.0,0
2023-07-10,Store_1,Item_2,186.0,0
2023-07-17,Store_1,Item_2,186.6,0
2023-07-24,Store_1,Item_2,163.7,0
2023-07-31,Store_1,Item_2,293.2,1
2023-08-07,Store_1,Item_2,245.7,0
2023-08-14,Store_1,Item_2,205.1,0
2023-08-21,Store_1,Item_2,175.4,0
2023-08-28,Store_1,Item_2,236.0,0
2023-09-04,Store_1,Item_2,216.2,0
2023-09-11,Store_1,Item_2,245.3,0
2023-09-18,Store_1,Item_2,265.4,0
2023-09-25,Store_1,Item_2,362.2,1
2023-10-02,Store_1,Item_2,226.7,0
2023-10-09,Store_1,Item_2,319.7,0
2023-10-16,Store_1,Item_2,282.9,0
2023-10-23,Store_1,Item_2,213.6,0
2023-10-30,Store_1,Item_2,533.1,1
2023-11-06,Store_1,Item_2,338.4,0
2023-11-13,Store_1,Item_2,295.9,0
2023-11-20,Store_1,Item_2,400.2,1
2023-11-27,Store_1,Item_2,378.3,0
2023-12-04,Store_1,Item_2,352.4,0
2023-12-11,Store_1,Item_2,476.2,0
2023-12-18,Store_1,Item_2,613.0,1
2023-12-25,Store_1,Item_2,348.1,0
2021-01-04,Store_1,Item_3,434.9,0
2021-01-11,Store_1,Item_3,536.8,0
2021-01-18,Store_1,Item_3,380.3,0
2021-01-25,Store_1,Item_3,426.9,0
2021-02-01,Store_1,Item_3,404.5,0
2021-02-08,Store_1,Item_3,425.3,0
2021-02-15,Store_1,Item_3,431.9,0
2021-02-22,Store_1,Item_3,344.0,0
2021-03-01,Store_1,Item_3,428.8,0
2021-03-08,Store_1,Item_3,373.4,0
2021-03-15,Store_1,Item_3,267.8,0
2021-03-22,Store_1,Item_3,254.3,0
2021-03-29,Store_1,Item_3,488.3,1
2021-04-05,Store_1,Item_3,303.6,0
2021-04-12,Store_1,Item_3,297.1,0
2021-04-19,Store_1,Item_3,289.8,0
2021-04-26,Store_1,Item_3,291.3,0
2021-05-03,Store_1,Item_3,315.6,0
2021-05-10,Store_1,Item_3,322.3,1
2021-05-17,Store_1,Item_3,221.6,0
2021-05-24,Store_1,Item_3,374.6,1
2021-05-31,Store_1,Item_3,273.2,0
2021-06-07,Store_1,Item_3,317.3,0
2021-06-14,Store_1,Item_3,250.9,0
2021-06-21,Store_1,Item_3,188.4,0
2021-06-28,Store_1,Item_3,218.4,0
2021-07-05,Store_1,Item_3,257.5,0
2021-07-12,Store_1,Item_3,394.2,1
2021-07-19,Store_1,Item_3,297.9,0
2021-07-26,Store_1,Item_3,333.4,0
2021-08-02,Store_1,Item_3,331.8,0
2021-08-09,Store_1,Item_3,426.7,0
2021-08-16,Store_1,Item_3,566.5,1
2021-08-23,Store_1,Item_3,353.3,0
2021-08-30,Store_1,Item_3,633.8,1
2021-09-06,Store_1,Item_3,350.1,0
2021-09-13,Store_1,Item_3,486.8,0
2021-09-20,Store_1,Item_3,711.2,1
2021-09-27,Store_1,Item_3,485.4,0
2021-10-04,Store_1,Item_3,650.6,0
2021-10-11,Store_1,Item_3,724.6,1
2021-10-18,Store_1,Item_3,739.9,0
2021-10-25,Store_1,Item_3,852.3,1
2021-11-01,Store_1,Item_3,470.1,0
2021-11-08,Store_1,Item_3,584.3,0
2021-11-15,Store_1,Item_3,770.5,1
2021-11-22,Store_1,Item_3,911.5,1
2021-11-29,Store_1,Item_3,630.5,0
2021-12-06,Store_1,Item_3,646.6,0
2021-12-13,Store_1,Item_3,541.2,0
2021-12-20,Store_1,Item_3,683.9,0
2021-12-27,Store_1,Item_3,694.7,0
2022-01-03,Store_1,Item_3,714.6,0
2022-01-10,Store_1,Item_3,878.3,1
2022-01-17,Store_1,Item_3,680.8,0
2022-01-24,Store_1,Item_3,409.7,0
2022-01-31,Store_1,Item_3,503.4,0
2022-02-07,Store_1,Item_3,450.0,0
2022-02-14,Store_1,Item_3,852.3,1
2022-02-21,Store_1,Item_3,439.0,0
2022-02-28,Store_1,Item_3,449.0,0
2022-03-07,Store_1,Item_3,585.8,0
2022-03-14,Store_1,Item_3,414.0,0
2022-03-21,Store_1,Item_3,433.3,0
2022-03-28,Store_1,Item_3,377.4,0
2022-04-04,Store_1,Item_3,379.4,0
2022-04-11,Store_1,Item_3,361.1,0
2022-04-18,Store_1,Item_3,372.0,0
2022-04-25,Store_1,Item_3,400.8,0
2022-05-02,Store_1,Item_3,418.9,0
2022-05-09,Store_1,Item_3,335.6,0
2022-05-16,Store_1,Item_3,344.6,0
2022-05-23,Store_1,Item_3,473.8,1
2022-05-30,Store_1,Item_3,308.8,0
2022-06-06,Store_1,Item_3,362.6,0
2022-06-13,Store_1,Item_3,640.4,1
2022-06-20,Store_1,Item_3,337.7,0
2022-06-27,Store_1,Item_3,384.4,0
2022-07-04,Store_1,Item_3,375.1,0
2022-07-11,Store_1,Item_3,433.7,0
2022-07-18,Store_1,Item_3,395.3,0
2022-07-25,Store_1,Item_3,375.9,0
2022-08-01,Store_1,Item_3,437.1,0
2022-08-08,Store_1,Item_3,281.8,0
2022-08-15,Store_1,Item_3,484.9,0
2022-08-22,Store_1,Item_3,278.8,0
2022-08-29,Store_1,Item_3,389.2,0
2022-09-05,Store_1,Item_3,840.4,1
2022-09-12,Store_1,Item_3,589.8,0
2022-09-19,Store_1,Item_3,480.7,0
2022-09-26,Store_1,Item_3,533.5,0
2022-10-03,Store_1,Item_3,753.1,0
2022-10-10,Store_1,Item_3,589.0,0
2022-10-17,Store_1,Item_3,909.2,0
2022-10-24,Store_1,Item_3,1126.1,1
2022-10-31,Store_1,Item_3,1175.7,1
2022-11-07,Store_1,Item_3,880.0,0
2022-11-14,Store_1,Item_3,714.2,0
2022-11-21,Store_1,Item_3,608.6,0
2022-11-28,Store_1,Item_3,1122.5,1
2022-12-05,Store_1,Item_3,707.9,0
2022-12-12,Store_1,Item_3,995.4,1
2022-12-19,Store_1,Item_3,679.4,0
2022-12-26,Store_1,Item_3,625.7,0
2023-01-02,Store_1,Item_3,791.7,0
2023-01-09,Store_1,Item_3,681.6,0
2023-01-16,Store_1,Item_3,992.2,1
2023-01-23,Store_1,Item_3,638.4,0
2023-01-30,Store_1,Item_3,652.5,0
2023-02-06,Store_1,Item_3,1198.1,1
2023-02-13,Store_1,Item_3,510.3,0
2023-02-20,Store_1,Item_3,489.4,0
2023-02-27,Store_1,Item_3,649.0,0
2023-03-06,Store_1,Item_3,497.4,0
2023-03-13,Store_1,Item_3,411.0,0
2023-03-20,Store_1,Item_3,826.4,1
2023-03-27,Store_1,Item_3,500.7,0
2023-04-03,Store_1,Item_3,357.0,0
2023-04-10,Store_1,Item_3,692.8,1
2023-04-17,Store_1,Item_3,464.4,0
2023-04-24,Store_1,Item_3,425.9,0
2023-05-01,Store_1,Item_3,430.5,0
2023-05-08,Store_1,Item_3,532.5,1
2023-05-15,Store_1,Item_3,645.4,1
2023-05-22,Store_1,Item_3,357.8,0
2023-05-29,Store_1,Item_3,348.1,0
2023-06-05,Store_1,Item_3,749.4,1
2023-06-12,Store_1,Item_3,477.0,0
2023-06-19,Store_1,Item_3,511.3,0
2023-06-26,Store_1,Item_3,489.9,0
2023-07-03,Store_1,Item_3,410.1,0
2023-07-10,Store_1,Item_3,457.0,0
2023-07-17,Store_1,Item_3,507.6,0
2023-07-24,Store_1,Item_3,482.6,0
2023-07-31,Store_1,Item_3,506.9,0
2023-08-07,Store_1,Item_3,1035.4,1
2023-08-14,Store_1,Item_3,542.8,0
2023-08-21,Store_1,Item_3,515.3,0
2023-08-28,Store_1,Item_3,929.9,1
2023-09-04,Store_1,Item_3,691.8,0
2023-09-11,Store_1,Item_3,657.1,0
2023-09-18,Store_1,Item_3,719.2,0
2023-09-25,Store_1,Item_3,784.0,0
2023-10-02,Store_1,Item_3,694.1,0
2023-10-09,Store_1,Item_3,1253.1,1
2023-10-16,Store_1,Item_3,823.3,0
2023-10-23,Store_1,Item_3,662.8,0
2023-10-30,Store_1,Item_3,1008.4,0
2023-11-06,Store_1,Item_3,767.3,0
2023-11-13,Store_1,Item_3,654.3,0
2023-11-20,Store_1,Item_3,1110.6,1
2023-11-27,Store_1,Item_3,729.6,0
2023-12-04,Store_1,Item_3,857.6,0
2023-12-11,Store_1,Item_3,815.1,0
2023-12-18,Store_1,Item_3,802.6,0
2023-12-25,Store_1,Item_3,1606.6,1
2021-01-04,Store_1,Item_4,368.1,0
2021-01-11,Store_1,Item_4,269.2,0
2021-01-18,Store_1,Item_4,287.9,0
2021-01-25,Store_1,Item_4,228.9,0
2021-02-01,Store_1,Item_4,233.1,0
2021-02-08,Store_1,Item_4,209.0,0
2021-02-15,Store_1,Item_4,151.5,0
2021-02-22,Store_1,Item_4,176.7,0
2021-03-01,Store_1,Item_4,237.3,1
2021-03-08,Store_1,Item_4,143.6,0
2021-03-15,Store_1,Item_4,161.3,0
2021-03-22,Store_1,Item_4,225.4,0
2021-03-29,Store_1,Item_4,176.3,0
2021-04-05,Store_1,Item_4,206.5,0
2021-04-12,Store_1,Item_4,174.2,0
2021-04-19,Store_1,Item_4,177.6,0
2021-04-26,Store_1,Item_4,133.7,0
2021-05-03,Store_1,Item_4,160.9,0
2021-05-10,Store_1,Item_4,162.2,0
2021-05-17,Store_1,Item_4,131.5,0
2021-05-24,Store_1,Item_4,154.5,0
2021-05-31,Store_1,Item_4,154.6,0
2021-06-07,Store_1,Item_4,131.8,0
2021-06-14,Store_1,Item_4,122.9,0
2021-06-21,Store_1,Item_4,205.2,1
2021-06-28,Store_1,Item_4,274.6,1
2021-07-05,Store_1,Item_4,166.2,0
2021-07-12,Store_1,Item_4,146.3,0
2021-07-19,Store_1,Item_4,172.6,0
2021-07-26,Store_1,Item_4,336.3,1
2021-08-02,Store_1,Item_4,207.0,0
2021-08-09,Store_1,Item_4,438.0,1
2021-08-16,Store_1,Item_4,419.0,1
2021-08-23,Store_1,Item_4,187.9,0
2021-08-30,Store_1,Item_4,293.8,0
2021-09-06,Store_1,Item_4,220.8,0
2021-09-13,Store_1,Item_4,457.4,1
2021-09-20,Store_1,Item_4,425.0,1
2021-09-27,Store_1,Item_4,405.4,1
2021-10-04,Store_1,Item_4,212.9,0
2021-10-11,Store_1,Item_4,280.2,0
2021-10-18,Store_1,Item_4,234.1,0
2021-10-25,Store_1,Item_4,629.1,1
2021-11-01,Store_1,Item_4,387.2,0
2021-11-08,Store_1,Item_4,278.8,0
2021-11-15,Store_1,Item_4,332.7,0
2021-11-22,Store_1,Item_4,515.7,1
2021-11-29,Store_1,Item_4,293.8,0
2021-12-06,Store_1,Item_4,362.7,0
2021-12-13,Store_1,Item_4,320.6,0
2021-12-20,Store_1,Item_4,590.2,1
2021-12-27,Store_1,Item_4,295.4,0
2022-01-03,Store_1,Item_4,560.3,1
2022-01-10,Store_1,Item_4,312.4,0
2022-01-17,Store_1,Item_4,339.6,0
2022-01-24,Store_1,Item_4,275.5,0
2022-01-31,Store_1,Item_4,284.5,0
2022-02-07,Store_1,Item_4,273.3,0
2022-02-14,Store_1,Item_4,237.4,0
2022-02-21,Store_1,Item_4,286.5,0
2022-02-28,Store_1,Item_4,275.4,0
2022-03-07,Store_1,Item_4,461.1,1
2022-03-14,Store_1,Item_4,290.0,0
2022-03-21,Store_1,Item_4,274.5,0
2022-03-28,Store_1,Item_4,200.6,0
2022-04-04,Store_1,Item_4,215.4,0
2022-04-11,Store_1,Item_4,178.5,0
2022-04-18,Store_1,Item_4,189.6,0
2022-04-25,Store_1,Item_4,167.2,0
2022-05-02,Store_1,Item_4,226.5,0
2022-05-09,Store_1,Item_4,289.3,1
2022-05-16,Store_1,Item_4,165.9,0
2022-05-23,Store_1,Item_4,203.1,0
2022-05-30,Store_1,Item_4,122.9,0
2022-06-06,Store_1,Item_4,219.1,1
2022-06-13,Store_1,Item_4,287.0,1
2022-06-20,Store_1,Item_4,179.2,0
2022-06-27,Store_1,Item_4,189.8,0
2022-07-04,Store_1,Item_4,155.3,0
2022-07-11,Store_1,Item_4,196.2,0
2022-07-18,Store_1,Item_4,277.2,0
2022-07-25,Store_1,Item_4,349.7,1
2022-08-01,Store_1,Item_4,231.5,0
2022-08-08,Store_1,Item_4,221.9,0
2022-08-15,Store_1,Item_4,352.4,1
2022-08-22,Store_1,Item_4,189.9,0
2022-08-29,Store_1,Item_4,284.0,0
2022-09-05,Store_1,Item_4,324.2,0
2022-09-12,Store_1,Item_4,235.8,0
2022-09-19,Store_1,Item_4,281.2,0
2022-09-26,Store_1,Item_4,271.1,0
2022-10-03,Store_1,Item_4,288.6,0
2022-10-10,Store_1,Item_4,346.5,0
2022-10-17,Store_1,Item_4,374.7,1
2022-10-24,Store_1,Item_4,396.5,0
2022-10-31,Store_1,Item_4,413.2,0
2022-11-07,Store_1,Item_4,361.6,0
2022-11-14,Store_1,Item_4,262.7,0
2022-11-21,Store_1,Item_4,515.8,1
2022-11-28,Store_1,Item_4,463.7,0
2022-12-05,Store_1,Item_4,255.3,0
2022-12-12,Store_1,Item_4,608.2,1
2022-12-19,Store_1,Item_4,321.4,0
2022-12-26,Store_1,Item_4,427.9,0
2023-01-02,Store_1,Item_4,338.6,0
2023-01-09,Store_1,Item_4,391.0,0
2023-01-16,Store_1,Item_4,392.4,0
2023-01-23,Store_1,Item_4,463.1,0
2023-01-30,Store_1,Item_4,332.5,0
2023-02-06,Store_1,Item_4,351.7,0
2023-02-13,Store_1,Item_4,257.7,0
2023-02-20,Store_1,Item_4,370.7,0
2023-02-27,Store_1,Item_4,266.8,0
2023-03-06,Store_1,Item_4,264.2,0
2023-03-13,Store_1,Item_4,274.8,0
2023-03-20,Store_1,Item_4,352.8,1
2023-03-27,Store_1,Item_4,262.5,0
2023-04-03,Store_1,Item_4,281.4,0
2023-04-10,Store_1,Item_4,244.7,0
2023-04-17,Store_1,Item_4,284.2,1
2023-04-24,Store_1,Item_4,322.9,1
2023-05-01,Store_1,Item_4,237.6,0
2023-05-08,Store_1,Item_4,157.2,0
2023-05-15,Store_1,Item_4,302.1,1
2023-05-22,Store_1,Item_4,231.6,0
2023-05-29,Store_1,Item_4,211.5,0
2023-06-05,Store_1,Item_4,217.6,0
2023-06-12,Store_1,Item_4,274.1,0
2023-06-19,Store_1,Item_4,227.8,0
2023-06-26,Store_1,Item_4,241.2,0
2023-07-03,Store_1,Item_4,339.1,0
2023-07-10,Store_1,Item_4,325.3,1
2023-07-17,Store_1,Item_4,218.2,0
2023-07-24,Store_1,Item_4,274.3,0
2023-07-31,Store_1,Item_4,288.2,0
2023-08-07,Store_1,Item_4,261.9,0
2023-08-14,Store_1,Item_4,254.9,0
2023-08-21,Store_1,Item_4,440.2,0
2023-08-28,Store_1,Item_4,343.1,0
2023-09-04,Store_1,Item_4,487.3,1
2023-09-11,Store_1,Item_4,408.8,0
2023-09-18,Store_1,Item_4,519.9,1
2023-09-25,Store_1,Item_4,370.9,0
2023-10-02,Store_1,Item_4,433.4,0
2023-10-09,Store_1,Item_4,339.0,0
2023-10-16,Store_1,Item_4,445.3,0
2023-10-23,Store_1,Item_4,575.5,0
2023-10-30,Store_1,Item_4,473.3,0
2023-11-06,Store_1,Item_4,629.3,1
2023-11-13,Store_1,Item_4,421.6,0
2023-11-20,Store_1,Item_4,431.6,0
2023-11-27,Store_1,Item_4,645.8,1
2023-12-04,Store_1,Item_4,436.7,0
2023-12-11,Store_1,Item_4,528.5,0
2023-12-18,Store_1,Item_4,546.5,1
2023-12-25,Store_1,Item_4,516.1,0
2021-01-04,Store_1,Item_5,164.1,0
2021-01-11,Store_1,Item_5,180.3,0
2021-01-18,Store_1,Item_5,174.1,0
2021-01-25,Store_1,Item_5,212.6,0
2021-02-01,Store_1,Item_5,304.0,1
2021-02-08,Store_1,Item_5,175.0,0
2021-02-15,Store_1,Item_5,241.2,1
2021-02-22,Store_1,Item_5,170.5,0
2021-03-01,Store_1,Item_5,251.2,1
2021-03-08,Store_1,Item_5,210.3,1
2021-03-15,Store_1,Item_5,128.9,0
2021-03-22,Store_1,Item_5,129.4,0
2021-03-29,Store_1,Item_5,197.4,1
2021-04-05,Store_1,Item_5,134.2,0
2021-04-12,Store_1,Item_5,140.5,0
2021-04-19,Store_1,Item_5,95.9,0
2021-04-26,Store_1,Item_5,118.1,0
2021-05-03,Store_1,Item_5,110.7,0
2021-05-10,Store_1,Item_5,117.8,0
2021-05-17,Store_1,Item_5,110.0,0
2021-05-24,Store_1,Item_5,88.0,0
2021-05-31,Store_1,Item_5,90.5,0
2021-06-07,Store_1,Item_5,110.6,0
2021-06-14,Store_1,Item_5,130.3,0
2021-06-21,Store_1,Item_5,82.1,0
2021-06-28,Store_1,Item_5,123.8,0
2021-07-05,Store_1,Item_5,145.4,0
2021-07-12,Store_1,Item_5,123.8,0
2021-07-19,Store_1,Item_5,225.9,1
2021-07-26,Store_1,Item_5,124.7,0
2021-08-02,Store_1,Item_5,142.6,0
2021-08-09,Store_1,Item_5,119.7,0
2021-08-16,Store_1,Item_5,200.1,1
2021-08-23,Store_1,Item_5,193.1,0
2021-08-30,Store_1,Item_5,151.8,0
2021-09-06,Store_1,Item_5,171.8,0
2021-09-13,Store_1,Item_5,250.8,1
2021-09-20,Store_1,Item_5,161.8,0
2021-09-27,Store_1,Item_5,201.9,0
2021-10-04,Store_1,Item_5,192.3,0
2021-10-11,Store_1,Item_5,233.9,0
2021-10-18,Store_1,Item_5,243.1,0
2021-10-25,Store_1,Item_5,383.0,1
2021-11-01,Store_1,Item_5,351.2,1
2021-11-08,Store_1,Item_5,305.6,0
2021-11-15,Store_1,Item_5,208.6,0
2021-11-22,Store_1,Item_5,244.9,0
2021-11-29,Store_1,Item_5,293.9,0
2021-12-06,Store_1,Item_5,300.2,0
2021-12-13,Store_1,Item_5,200.6,0
2021-12-20,Store_1,Item_5,235.3,0
2021-12-27,Store_1,Item_5,299.0,0
2022-01-03,Store_1,Item_5,259.9,0
2022-01-10,Store_1,Item_5,243.8,0
2022-01-17,Store_1,Item_5,224.6,0
2022-01-24,Store_1,Item_5,213.9,0
2022-01-31,Store_1,Item_5,230.1,0
2022-02-07,Store_1,Item_5,206.0,0
2022-02-14,Store_1,Item_5,205.6,0
2022-02-21,Store_1,Item_5,202.0,0
2022-02-28,Store_1,Item_5,173.8,0
2022-03-07,Store_1,Item_5,200.0,0
2022-03-14,Store_1,Item_5,457.1,1
2022-03-21,Store_1,Item_5,130.5,0
2022-03-28,Store_1,Item_5,265.2,1
2022-04-04,Store_1,Item_5,139.9,0
2022-04-11,Store_1,Item_5,164.3,0
2022-04-18,Store_1,Item_5,146.4,0
2022-04-25,Store_1,Item_5,157.6,0
2022-05-02,Store_1,Item_5,258.3,1
2022-05-09,Store_1,Item_5,137.8,0
2022-05-16,Store_1,Item_5,156.1,0
2022-05-23,Store_1,Item_5,92.2,0
2022-05-30,Store_1,Item_5,245.1,1
2022-06-06,Store_1,Item_5,139.2,0
2022-06-13,Store_1,Item_5,266.6,1
2022-06-20,Store_1,Item_5,200.2,1
2022-06-27,Store_1,Item_5,124.3,0
2022-07-04,Store_1,Item_5,148.8,0
2022-07-11,Store_1,Item_5,151.1,0
2022-07-18,Store_1,Item_5,165.0,0
2022-07-25,Store_1,Item_5,194.6,0
2022-08-01,Store_1,Item_5,133.4,0
2022-08-08,Store_1,Item_5,210.7,0
2022-08-15,Store_1,Item_5,335.8,1
2022-08-22,Store_1,Item_5,194.7,0
2022-08-29,Store_1,Item_5,168.8,0
2022-09-05,Store_1,Item_5,348.4,1
2022-09-12,Store_1,Item_5,160.0,0
2022-09-19,Store_1,Item_5,263.0,0
2022-09-26,Store_1,Item_5,198.4,0
2022-10-03,Store_1,Item_5,390.1,1
2022-10-10,Store_1,Item_5,259.8,0
2022-10-17,Store_1,Item_5,323.6,0
2022-10-24,Store_1,Item_5,439.1,1
2022-10-31,Store_1,Item_5,256.1,0
2022-11-07,Store_1,Item_5,382.4,1
2022-11-14,Store_1,Item_5,353.7,0
2022-11-21,Store_1,Item_5,319.8,0
2022-11-28,Store_1,Item_5,476.1,1
2022-12-05,Store_1,Item_5,286.9,0
2022-12-12,Store_1,Item_5,234.8,0
2022-12-19,Store_1,Item_5,312.4,0
2022-12-26,Store_1,Item_5,224.5,0
2023-01-02,Store_1,Item_5,322.3,0
2023-01-09,Store_1,Item_5,424.5,1
2023-01-16,Store_1,Item_5,396.1,0
2023-01-23,Store_1,Item_5,357.9,1
2023-01-30,Store_1,Item_5,388.5,1
2023-02-06,Store_1,Item_5,334.5,0
2023-02-13,Store_1,Item_5,295.6,0
2023-02-20,Store_1,Item_5,215.2,0
2023-02-27,Store_1,Item_5,237.7,0
2023-03-06,Store_1,Item_5,348.2,1
2023-03-13,Store_1,Item_5,221.2,0
2023-03-20,Store_1,Item_5,183.3,0
2023-03-27,Store_1,Item_5,192.6,0
2023-04-03,Store_1,Item_5,147.6,0
2023-04-10,Store_1,Item_5,183.9,0
2023-04-17,Store_1,Item_5,185.9,0
2023-04-24,Store_1,Item_5,162.6,0
2023-05-01,Store_1,Item_5,128.6,0
2023-05-08,Store_1,Item_5,185.5,0
2023-05-15,Store_1,Item_5,166.4,0
2023-05-22,Store_1,Item_5,246.3,1
2023-05-29,Store_1,Item_5,149.9,0
2023-06-05,Store_1,Item_5,125.8,0
2023-06-12,Store_1,Item_5,137.1,0
2023-06-19,Store_1,Item_5,216.0,1
2023-06-26,Store_1,Item_5,202.0,0
2023-07-03,Store_1,Item_5,158.3,0
2023-07-10,Store_1,Item_5,199.3,0
2023-07-17,Store_1,Item_5,174.5,0
2023-07-24,Store_1,Item_5,205.4,0
2023-07-31,Store_1,Item_5,329.5,1
2023-08-07,Store_1,Item_5,248.2,0
2023-08-14,Store_1,Item_5,304.9,1
2023-08-21,Store_1,Item_5,189.8,0
2023-08-28,Store_1,Item_5,351.3,1
2023-09-04,Store_1,Item_5,242.8,0
2023-09-11,Store_1,Item_5,227.7,0
2023-09-18,Store_1,Item_5,303.5,0
2023-09-25,Store_1,Item_5,276.4,0
2023-10-02,Store_1,Item_5,436.9,0
2023-10-09,Store_1,Item_5,380.8,1
2023-10-16,Store_1,Item_5,335.0,0
2023-10-23,Store_1,Item_5,281.3,0
2023-10-30,Store_1,Item_5,315.5,0
2023-11-06,Store_1,Item_5,542.4,1
2023-11-13,Store_1,Item_5,247.3,0
2023-11-20,Store_1,Item_5,365.7,0
2023-11-27,Store_1,Item_5,471.4,0
2023-12-04,Store_1,Item_5,332.2,0
2023-12-11,Store_1,Item_5,368.7,0
2023-12-18,Store_1,Item_5,410.8,0
2023-12-25,Store_1,Item_5,340.7,0
2021-01-04,Store_2,Item_1,307.0,0
2021-01-11,Store_2,Item_1,230.5,0
2021-01-18,Store_2,Item_1,214.2,0
2021-01-25,Store_2,Item_1,179.6,0
2021-02-01,Store_2,Item_1,231.8,0
2021-02-08,Store_2,Item_1,214.5,0
2021-02-15,Store_2,Item_1,311.9,1
2021-02-22,Store_2,Item_1,233.7,0
2021-03-01,Store_2,Item_1,329.2,1
2021-03-08,Store_2,Item_1,172.1,0
2021-03-15,Store_2,Item_1,178.6,0
2021-03-22,Store_2,Item_1,218.3,0
2021-03-29,Store_2,Item_1,195.3,0
2021-04-05,Store_2,Item_1,249.9,1
2021-04-12,Store_2,Item_1,180.8,0
2021-04-19,Store_2,Item_1,235.8,1
2021-04-26,Store_2,Item_1,154.6,0
2021-05-03,Store_2,Item_1,153.0,0
2021-05-10,Store_2,Item_1,136.5,0
2021-05-17,Store_2,Item_1,153.9,0
2021-05-24,Store_2,Item_1,127.3,0
2021-05-31,Store_2,Item_1,154.2,0
2021-06-07,Store_2,Item_1,156.3,0
2021-06-14,Store_2,Item_1,94.6,0
2021-06-21,Store_2,Item_1,178.5,0
2021-06-28,Store_2,Item_1,97.6,0
2021-07-05,Store_2,Item_1,145.3,0
2021-07-12,Store_2,Item_1,276.0,1
2021-07-19,Store_2,Item_1,165.0,0
2021-07-26,Store_2,Item_1,145.5,0
2021-08-02,Store_2,Item_1,161.3,0
2021-08-09,Store_2,Item_1,232.3,0
2021-08-16,Store_2,Item_1,157.1,0
2021-08-23,Store_2,Item_1,259.8,0
2021-08-30,Store_2,Item_1,228.1,0
2021-09-06,Store_2,Item_1,201.3,0
2021-09-13,Store_2,Item_1,230.0,0
2021-09-20,Store_2,Item_1,224.4,0
2021-09-27,Store_2,Item_1,308.4,0
2021-10-04,Store_2,Item_1,312.8,0
2021-10-11,Store_2,Item_1,223.8,0
2021-10-18,Store_2,Item_1,279.9,0
2021-10-25,Store_2,Item_1,267.7,0
2021-11-01,Store_2,Item_1,376.8,0
2021-11-08,Store_2,Item_1,423.8,1
2021-11-15,Store_2,Item_1,406.5,0
2021-11-22,Store_2,Item_1,321.3,0
2021-11-29,Store_2,Item_1,273.0,0
2021-12-06,Store_2,Item_1,468.1,1
2021-12-13,Store_2,Item_1,509.1,1
2021-12-20,Store_2,Item_1,266.6,0
2021-12-27,Store_2,Item_1,323.9,0
2022-01-03,Store_2,Item_1,262.4,0
2022-01-10,Store_2,Item_1,223.8,0
2022-01-17,Store_2,Item_1,286.8,0
2022-01-24,Store_2,Item_1,336.7,1
2022-01-31,Store_2,Item_1,370.7,1
2022-02-07,Store_2,Item_1,342.1,1
2022-02-14,Store_2,Item_1,237.7,0
2022-02-21,Store_2,Item_1,352.0,0
2022-02-28,Store_2,Item_1,429.4,1
2022-03-07,Store_2,Item_1,354.2,1
2022-03-14,Store_2,Item_1,178.0,0
2022-03-21,Store_2,Item_1,201.8,0
2022-03-28,Store_2,Item_1,220.4,0
2022-04-04,Store_2,Item_1,175.9,0
2022-04-11,Store_2,Item_1,225.7,0
2022-04-18,Store_2,Item_1,158.9,0
2022-04-25,Store_2,Item_1,176.3,0
2022-05-02,Store_2,Item_1,164.0,0
2022-05-09,Store_2,Item_1,305.7,1
2022-05-16,Store_2,Item_1,156.7,0
2022-05-23,Store_2,Item_1,164.2,0
2022-05-30,Store_2,Item_1,165.0,0
2022-06-06,Store_2,Item_1,154.3,0
2022-06-13,Store_2,Item_1,187.9,0
2022-06-20,Store_2,Item_1,185.2,0
2022-06-27,Store_2,Item_1,181.6,0
2022-07-04,Store_2,Item_1,178.6,0
2022-07-11,Store_2,Item_1,223.1,0
2022-07-18,Store_2,Item_1,199.7,0
2022-07-25,Store_2,Item_1,206.9,0
2022-08-01,Store_2,Item_1,230.7,0
2022-08-08,Store_2,Item_1,307.0,0
2022-08-15,Store_2,Item_1,204.9,0
2022-08-22,Store_2,Item_1,294.4,0
2022-08-29,Store_2,Item_1,207.3,0
2022-09-05,Store_2,Item_1,297.0,0
2022-09-12,Store_2,Item_1,379.5,0
2022-09-19,Store_2,Item_1,335.9,0
2022-09-26,Store_2,Item_1,332.5,0
2022-10-03,Store_2,Item_1,308.5,0
2022-10-10,Store_2,Item_1,347.5,0
2022-10-17,Store_2,Item_1,342.3,0
2022-10-24,Store_2,Item_1,323.8,0
2022-10-31,Store_2,Item_1,355.8,0
2022-11-07,Store_2,Item_1,389.1,0
2022-11-14,Store_2,Item_1,341.2,0
2022-11-21,Store_2,Item_1,342.4,0
2022-11-28,Store_2,Item_1,513.0,1
2022-12-05,Store_2,Item_1,412.1,0
2022-12-12,Store_2,Item_1,420.8,0
2022-12-19,Store_2,Item_1,660.5,1
2022-12-26,Store_2,Item_1,689.4,1
2023-01-02,Store_2,Item_1,381.8,0
2023-01-09,Store_2,Item_1,602.2,1
2023-01-16,Store_2,Item_1,379.7,0
2023-01-23,Store_2,Item_1,349.5,0
2023-01-30,Store_2,Item_1,318.6,0
2023-02-06,Store_2,Item_1,465.5,0
2023-02-13,Store_2,Item_1,302.5,0
2023-02-20,Store_2,Item_1,282.8,0
2023-02-27,Store_2,Item_1,320.8,0
2023-03-06,Store_2,Item_1,300.1,0
2023-03-13,Store_2,Item_1,225.0,0
2023-03-20,Store_2,Item_1,314.6,0
2023-03-27,Store_2,Item_1,251.7,0
2023-04-03,Store_2,Item_1,207.7,0
2023-04-10,Store_2,Item_1,281.4,0
2023-04-17,Store_2,Item_1,355.9,1
2023-04-24,Store_2,Item_1,182.2,0
2023-05-01,Store_2,Item_1,279.0,0
2023-05-08,Store_2,Item_1,231.0,0
2023-05-15,Store_2,Item_1,358.1,1
2023-05-22,Store_2,Item_1,259.2,0
2023-05-29,Store_2,Item_1,209.3,0
2023-06-05,Store_2,Item_1,323.5,1
2023-06-12,Store_2,Item_1,189.4,0
2023-06-19,Store_2,Item_1,233.1,0
2023-06-26,Store_2,Item_1,236.2,0
2023-07-03,Store_2,Item_1,228.2,0
2023-07-10,Store_2,Item_1,210.6,0
2023-07-17,Store_2,Item_1,252.2,0
2023-07-24,Store_2,Item_1,451.4,1
2023-07-31,Store_2,Item_1,222.6,0
2023-08-07,Store_2,Item_1,228.9,0
2023-08-14,Store_2,Item_1,482.1,1
2023-08-21,Store_2,Item_1,212.9,0
2023-08-28,Store_2,Item_1,572.9,1
2023-09-04,Store_2,Item_1,320.2,0
2023-09-11,Store_2,Item_1,436.1,0
2023-09-18,Store_2,Item_1,346.9,0
2023-09-25,Store_2,Item_1,427.6,0
2023-10-02,Store_2,Item_1,378.0,0
2023-10-09,Store_2,Item_1,420.6,0
2023-10-16,Store_2,Item_1,474.4,0
2023-10-23,Store_2,Item_1,406.3,0
2023-10-30,Store_2,Item_1,794.2,1
2023-11-06,Store_2,Item_1,389.5,0
2023-11-13,Store_2,Item_1,478.1,0
2023-11-20,Store_2,Item_1,529.8,0
2023-11-27,Store_2,Item_1,512.2,0
2023-12-04,Store_2,Item_1,618.7,0
2023-12-11,Store_2,Item_1,413.9,0
2023-12-18,Store_2,Item_1,375.4,0
2023-12-25,Store_2,Item_1,393.7,0
2021-01-04,Store_2,Item_2,131.2,0
2021-01-11,Store_2,Item_2,206.4,1
2021-01-18,Store_2,Item_2,103.2,0
2021-01-25,Store_2,Item_2,97.7,0
2021-02-01,Store_2,Item_2,145.8,0
2021-02-08,Store_2,Item_2,97.4,0
2021-02-15,Store_2,Item_2,92.5,0
2021-02-22,Store_2,Item_2,103.7,0
2021-03-01,Store_2,Item_2,99.1,0
2021-03-08,Store_2,Item_2,151.5,1
2021-03-15,Store_2,Item_2,88.5,0
2021-03-22,Store_2,Item_2,106.8,0
2021-03-29,Store_2,Item_2,75.6,0
2021-04-05,Store_2,Item_2,66.5,0
2021-04-12,Store_2,Item_2,90.6,0
2021-04-19,Store_2,Item_2,81.7,0
2021-04-26,Store_2,Item_2,116.4,1
2021-05-03,Store_2,Item_2,56.5,0
2021-05-10,Store_2,Item_2,62.6,0
2021-05-17,Store_2,Item_2,68.3,0
2021-05-24,Store_2,Item_2,140.0,1
2021-05-31,Store_2,Item_2,58.5,0
2021-06-07,Store_2,Item_2,67.9,0
2021-06-14,Store_2,Item_2,77.2,0
2021-06-21,Store_2,Item_2,50.0,0
2021-06-28,Store_2,Item_2,146.4,1
2021-07-05,Store_2,Item_2,63.8,0
2021-07-12,Store_2,Item_2,83.1,0
2021-07-19,Store_2,Item_2,121.2,1
2021-07-26,Store_2,Item_2,101.7,0
2021-08-02,Store_2,Item_2,98.5,0
2021-08-09,Store_2,Item_2,66.8,0
2021-08-16,Store_2,Item_2,88.9,0
2021-08-23,Store_2,Item_2,107.0,0
2021-08-30,Store_2,Item_2,106.7,0
2021-09-06,Store_2,Item_2,123.3,0
2021-09-13,Store_2,Item_2,191.0,1
2021-09-20,Store_2,Item_2,136.6,0
2021-09-27,Store_2,Item_2,125.4,0
2021-10-04,Store_2,Item_2,101.7,0
2021-10-11,Store_2,Item_2,129.1,0
2021-10-18,Store_2,Item_2,264.6,1
2021-10-25,Store_2,Item_2,123.6,0
2021-11-01,Store_2,Item_2,163.0,0
2021-11-08,Store_2,Item_2,172.8,0
2021-11-15,Store_2,Item_2,155.7,0
2021-11-22,Store_2,Item_2,97.6,0
2021-11-29,Store_2,Item_2,128.1,0
2021-12-06,Store_2,Item_2,205.7,0
2021-12-13,Store_2,Item_2,228.6,1
2021-12-20,Store_2,Item_2,114.6,0
2021-12-27,Store_2,Item_2,183.4,0
2022-01-03,Store_2,Item_2,150.8,0
2022-01-10,Store_2,Item_2,174.5,0
2022-01-17,Store_2,Item_2,151.1,0
2022-01-24,Store_2,Item_2,151.5,0
2022-01-31,Store_2,Item_2,145.4,0
2022-02-07,Store_2,Item_2,148.3,0
2022-02-14,Store_2,Item_2,181.6,0
2022-02-21,Store_2,Item_2,250.2,1
2022-02-28,Store_2,Item_2,94.9,0
2022-03-07,Store_2,Item_2,123.4,0
2022-03-14,Store_2,Item_2,192.8,1
2022-03-21,Store_2,Item_2,127.2,0
2022-03-28,Store_2,Item_2,95.7,0
2022-04-04,Store_2,Item_2,116.5,0
2022-04-11,Store_2,Item_2,108.1,0
2022-04-18,Store_2,Item_2,133.3,0
2022-04-25,Store_2,Item_2,78.6,0
2022-05-02,Store_2,Item_2,79.2,0
2022-05-09,Store_2,Item_2,79.9,0
2022-05-16,Store_2,Item_2,76.5,0
2022-05-23,Store_2,Item_2,71.5,0
2022-05-30,Store_2,Item_2,77.1,1
2022-06-06,Store_2,Item_2,77.1,0
2022-06-13,Store_2,Item_2,88.2,0
2022-06-20,Store_2,Item_2,79.3,0
2022-06-27,Store_2,Item_2,117.3,0
2022-07-04,Store_2,Item_2,91.1,0
2022-07-11,Store_2,Item_2,114.7,0
2022-07-18,Store_2,Item_2,102.7,0
2022-07-25,Store_2,Item_2,178.9,1
2022-08-01,Store_2,Item_2,113.1,0
2022-08-08,Store_2,Item_2,139.6,0
2022-08-15,Store_2,Item_2,120.5,0
2022-08-22,Store_2,Item_2,135.0,0
2022-08-29,Store_2,Item_2,138.7,0
2022-09-05,Store_2,Item_2,236.8,1
2022-09-12,Store_2,Item_2,152.2,0
2022-09-19,Store_2,Item_2,364.1,1
2022-09-26,Store_2,Item_2,148.7,0
2022-10-03,Store_2,Item_2,170.5,0
2022-10-10,Store_2,Item_2,286.0,1
2022-10-17,Store_2,Item_2,201.2,0
2022-10-24,Store_2,Item_2,174.2,0
2022-10-31,Store_2,Item_2,221.2,1
2022-11-07,Store_2,Item_2,194.9,0
2022-11-14,Store_2,Item_2,131.2,0
2022-11-21,Store_2,Item_2,229.6,0
2022-11-28,Store_2,Item_2,190.1,0
2022-12-05,Store_2,Item_2,215.5,0
2022-12-12,Store_2,Item_2,284.9,1
2022-12-19,Store_2,Item_2,146.1,0
2022-12-26,Store_2,Item_2,189.6,0
2023-01-02,Store_2,Item_2,255.5,1
2023-01-09,Store_2,Item_2,164.4,0
2023-01-16,Store_2,Item_2,175.5,0
2023-01-23,Store_2,Item_2,392.7,1
2023-01-30,Store_2,Item_2,186.5,0
2023-02-06,Store_2,Item_2,186.8,0
2023-02-13,Store_2,Item_2,175.3,0
2023-02-20,Store_2,Item_2,316.1,1
2023-02-27,Store_2,Item_2,139.6,0
2023-03-06,Store_2,Item_2,101.6,0
2023-03-13,Store_2,Item_2,128.8,0
2023-03-20,Store_2,Item_2,143.4,0
2023-03-27,Store_2,Item_2,105.5,0
2023-04-03,Store_2,Item_2,173.2,1
2023-04-10,Store_2,Item_2,101.5,0
2023-04-17,Store_2,Item_2,210.2,1
2023-04-24,Store_2,Item_2,117.5,0
2023-05-01,Store_2,Item_2,112.6,0
2023-05-08,Store_2,Item_2,109.7,0
2023-05-15,Store_2,Item_2,147.3,1
2023-05-22,Store_2,Item_2,100.6,0
2023-05-29,Store_2,Item_2,127.2,1
2023-06-05,Store_2,Item_2,71.0,0
2023-06-12,Store_2,Item_2,102.1,0
2023-06-19,Store_2,Item_2,107.1,0
2023-06-26,Store_2,Item_2,125.8,0
2023-07-03,Store_2,Item_2,137.5,0
2023-07-10,Store_2,Item_2,255.5,1
2023-07-17,Store_2,Item_2,101.8,0
2023-07-24,Store_2,Item_2,117.3,0
2023-07-31,Store_2,Item_2,239.3,1
2023-08-07,Store_2,Item_2,198.6,0
2023-08-14,Store_2,Item_2,280.1,1
2023-08-21,Store_2,Item_2,177.1,0
2023-08-28,Store_2,Item_2,148.2,0
2023-09-04,Store_2,Item_2,144.0,0
2023-09-11,Store_2,Item_2,192.8,0
2023-09-18,Store_2,Item_2,151.3,0
2023-09-25,Store_2,Item_2,178.6,0
2023-10-02,Store_2,Item_2,188.3,0
2023-10-09,Store_2,Item_2,250.5,0
2023-10-16,Store_2,Item_2,192.5,0
2023-10-23,Store_2,Item_2,144.5,0
2023-10-30,Store_2,Item_2,228.7,0
2023-11-06,Store_2,Item_2,194.4,0
2023-11-13,Store_2,Item_2,374.2,1
2023-11-20,Store_2,Item_2,217.7,0
2023-11-27,Store_2,Item_2,212.8,0
2023-12-04,Store_2,Item_2,249.8,0
2023-12-11,Store_2,Item_2,176.3,0
2023-12-18,Store_2,Item_2,203.9,0
2023-12-25,Store_2,Item_2,421.2,1
2021-01-04,Store_2,Item_3,554.6,0
2021-01-11,Store_2,Item_3,460.6,0
2021-01-18,Store_2,Item_3,430.7,0
2021-01-25,Store_2,Item_3,509.1,0
2021-02-01,Store_2,Item_3,522.3,0
2021-02-08,Store_2,Item_3,466.9,0
2021-02-15,Store_2,Item_3,331.5,0
2021-02-22,Store_2,Item_3,379.3,0
2021-03-01,Store_2,Item_3,597.3,1
2021-03-08,Store_2,Item_3,260.0,0
2021-03-15,Store_2,Item_3,350.7,0
2021-03-22,Store_2,Item_3,440.2,0
2021-03-29,Store_2,Item_3,331.0,0
2021-04-05,Store_2,Item_3,359.9,0
2021-04-12,Store_2,Item_3,285.5,0
2021-04-19,Store_2,Item_3,265.0,0
2021-04-26,Store_2,Item_3,274.5,0
2021-05-03,Store_2,Item_3,223.4,0
2021-05-10,Store_2,Item_3,213.7,0
2021-05-17,Store_2,Item_3,438.5,1
2021-05-24,Store_2,Item_3,295.8,0
2021-05-31,Store_2,Item_3,319.0,1
2021-06-07,Store_2,Item_3,280.4,0
2021-06-14,Store_2,Item_3,243.2,0
2021-06-21,Store_2,Item_3,265.0,0
2021-06-28,Store_2,Item_3,277.7,0
2021-07-05,Store_2,Item_3,449.7,1
2021-07-12,Store_2,Item_3,282.7,0
2021-07-19,Store_2,Item_3,359.8,0
2021-07-26,Store_2,Item_3,319.6,0
2021-08-02,Store_2,Item_3,351.3,0
2021-08-09,Store_2,Item_3,524.9,1
2021-08-16,Store_2,Item_3,486.6,0
2021-08-23,Store_2,Item_3,638.4,1
2021-08-30,Store_2,Item_3,431.0,0
2021-09-06,Store_2,Item_3,318.8,0
2021-09-13,Store_2,Item_3,374.1,0
2021-09-20,Store_2,Item_3,529.4,0
2021-09-27,Store_2,Item_3,674.0,1
2021-10-04,Store_2,Item_3,355.3,0
2021-10-11,Store_2,Item_3,569.1,0
2021-10-18,Store_2,Item_3,462.0,0
2021-10-25,Store_2,Item_3,633.3,0
2021-11-01,Store_2,Item_3,516.8,0
2021-11-08,Store_2,Item_3,548.9,0
2021-11-15,Store_2,Item_3,642.9,0
2021-11-22,Store_2,Item_3,476.0,0
2021-11-29,Store_2,Item_3,471.8,0
2021-12-06,Store_2,Item_3,532.1,0
2021-12-13,Store_2,Item_3,618.5,0
2021-12-20,Store_2,Item_3,445.6,0
2021-12-27,Store_2,Item_3,603.8,1
2022-01-03,Store_2,Item_3,600.5,0
2022-01-10,Store_2,Item_3,477.2,0
2022-01-17,Store_2,Item_3,703.5,1
2022-01-24,Store_2,Item_3,378.6,0
2022-01-31,Store_2,Item_3,439.2,0
2022-02-07,Store_2,Item_3,471.0,0
2022-02-14,Store_2,Item_3,524.0,0
2022-02-21,Store_2,Item_3,392.3,0
2022-02-28,Store_2,Item_3,542.6,0
2022-03-07,Store_2,Item_3,367.8,0
2022-03-14,Store_2,Item_3,353.1,0
2022-03-21,Store_2,Item_3,471.7,0
2022-03-28,Store_2,Item_3,371.3,0
2022-04-04,Store_2,Item_3,318.1,0
2022-04-11,Store_2,Item_3,324.6,0
2022-04-18,Store_2,Item_3,392.0,0
2022-04-25,Store_2,Item_3,385.9,0
2022-05-02,Store_2,Item_3,267.0,0
2022-05-09,Store_2,Item_3,293.2,0
2022-05-16,Store_2,Item_3,294.5,0
2022-05-23,Store_2,Item_3,443.6,1
2022-05-30,Store_2,Item_3,466.9,1
2022-06-06,Store_2,Item_3,290.4,0
2022-06-13,Store_2,Item_3,541.6,1
2022-06-20,Store_2,Item_3,360.7,0
2022-06-27,Store_2,Item_3,295.2,0
2022-07-04,Store_2,Item_3,498.3,1
2022-07-11,Store_2,Item_3,368.7,0
2022-07-18,Store_2,Item_3,319.5,0
2022-07-25,Store_2,Item_3,398.4,0
2022-08-01,Store_2,Item_3,608.6,1
2022-08-08,Store_2,Item_3,347.6,0
2022-08-15,Store_2,Item_3,365.6,0
2022-08-22,Store_2,Item_3,548.9,0
2022-08-29,Store_2,Item_3,452.7,0
2022-09-05,Store_2,Item_3,619.0,0
2022-09-12,Store_2,Item_3,468.4,0
2022-09-19,Store_2,Item_3,879.4,1
2022-09-26,Store_2,Item_3,780.5,0
2022-10-03,Store_2,Item_3,482.7,0
2022-10-10,Store_2,Item_3,439.2,0
2022-10-17,Store_2,Item_3,725.8,0
2022-10-24,Store_2,Item_3,542.4,0
2022-10-31,Store_2,Item_3,939.4,1
2022-11-07,Store_2,Item_3,583.3,0
2022-11-14,Store_2,Item_3,671.1,0
2022-11-21,Store_2,Item_3,564.7,0
2022-11-28,Store_2,Item_3,1064.4,1
2022-12-05,Store_2,Item_3,700.7,0
2022-12-12,Store_2,Item_3,562.5,0
2022-12-19,Store_2,Item_3,585.4,0
2022-12-26,Store_2,Item_3,611.1,0
2023-01-02,Store_2,Item_3,513.1,0
2023-01-09,Store_2,Item_3,844.1,1
2023-01-16,Store_2,Item_3,622.6,0
2023-01-23,Store_2,Item_3,562.6,0
2023-01-30,Store_2,Item_3,558.1,0
2023-02-06,Store_2,Item_3,912.4,1
2023-02-13,Store_2,Item_3,494.6,0
2023-02-20,Store_2,Item_3,583.5,0
2023-02-27,Store_2,Item_3,627.8,0
2023-03-06,Store_2,Item_3,454.5,0
2023-03-13,Store_2,Item_3,502.6,0
2023-03-20,Store_2,Item_3,432.7,0
2023-03-27,Store_2,Item_3,454.3,0
2023-04-03,Store_2,Item_3,521.7,0
2023-04-10,Store_2,Item_3,428.6,0
2023-04-17,Store_2,Item_3,294.1,0
2023-04-24,Store_2,Item_3,396.8,0
2023-05-01,Store_2,Item_3,433.5,0
2023-05-08,Store_2,Item_3,341.4,0
2023-05-15,Store_2,Item_3,403.1,0
2023-05-22,Store_2,Item_3,310.9,0
2023-05-29,Store_2,Item_3,276.0,0
2023-06-05,Store_2,Item_3,354.4,0
2023-06-12,Store_2,Item_3,271.1,0
2023-06-19,Store_2,Item_3,347.5,0
2023-06-26,Store_2,Item_3,789.4,1
2023-07-03,Store_2,Item_3,288.7,0
2023-07-10,Store_2,Item_3,329.9,0
2023-07-17,Store_2,Item_3,542.5,1
2023-07-24,Store_2,Item_3,432.3,0
2023-07-31,Store_2,Item_3,622.1,1
2023-08-07,Store_2,Item_3,591.9,0
2023-08-14,Store_2,Item_3,581.4,0
2023-08-21,Store_2,Item_3,569.5,0
2023-08-28,Store_2,Item_3,886.0,1
2023-09-04,Store_2,Item_3,1024.4,1
2023-09-11,Store_2,Item_3,531.7,0
2023-09-18,Store_2,Item_3,715.2,0
2023-09-25,Store_2,Item_3,553.4,0
2023-10-02,Store_2,Item_3,1115.9,1
2023-10-09,Store_2,Item_3,831.9,0
2023-10-16,Store_2,Item_3,739.2,0
2023-10-23,Store_2,Item_3,714.6,0
2023-10-30,Store_2,Item_3,794.8,0
2023-11-06,Store_2,Item_3,871.6,1
2023-11-13,Store_2,Item_3,806.6,0
2023-11-20,Store_2,Item_3,765.1,0
2023-11-27,Store_2,Item_3,776.4,0
2023-12-04,Store_2,Item_3,870.6,0
2023-12-11,Store_2,Item_3,773.1,0
2023-12-18,Store_2,Item_3,655.6,0
2023-12-25,Store_2,Item_3,753.5,0
2021-01-04,Store_2,Item_4,161.0,0
2021-01-11,Store_2,Item_4,157.7,0
2021-01-18,Store_2,Item_4,154.5,0
2021-01-25,Store_2,Item_4,139.0,0
2021-02-01,Store_2,Item_4,317.4,1
2021-02-08,Store_2,Item_4,234.4,1
2021-02-15,Store_2,Item_4,196.1,1
2021-02-22,Store_2,Item_4,165.6,0
2021-03-01,Store_2,Item_4,130.0,0
2021-03-08,Store_2,Item_4,110.1,0
2021-03-15,Store_2,Item_4,151.8,0
2021-03-22,Store_2,Item_4,162.9,1
2021-03-29,Store_2,Item_4,112.9,0
2021-04-05,Store_2,Item_4,115.9,0
2021-04-12,Store_2,Item_4,131.4,0
2021-04-19,Store_2,Item_4,107.2,0
2021-04-26,Store_2,Item_4,86.5,0
2021-05-03,Store_2,Item_4,109.1,0
2021-05-10,Store_2,Item_4,91.5,0
2021-05-17,Store_2,Item_4,128.4,0
2021-05-24,Store_2,Item_4,96.1,0
2021-05-31,Store_2,Item_4,68.8,0
2021-06-07,Store_2,Item_4,173.1,1
2021-06-14,Store_2,Item_4,131.3,0
2021-06-21,Store_2,Item_4,189.1,1
2021-06-28,Store_2,Item_4,135.9,0
2021-07-05,Store_2,Item_4,91.9,0
2021-07-12,Store_2,Item_4,127.6,0
2021-07-19,Store_2,Item_4,104.4,0
2021-07-26,Store_2,Item_4,125.8,0
2021-08-02,Store_2,Item_4,105.6,0
2021-08-09,Store_2,Item_4,121.7,0
2021-08-16,Store_2,Item_4,127.1,0
2021-08-23,Store_2,Item_4,168.7,0
2021-08-30,Store_2,Item_4,174.1,0
2021-09-06,Store_2,Item_4,168.4,0
2021-09-13,Store_2,Item_4,137.9,0
2021-09-20,Store_2,Item_4,167.5,0
2021-09-27,Store_2,Item_4,163.0,0
2021-10-04,Store_2,Item_4,338.0,1
2021-10-11,Store_2,Item_4,231.7,0
2021-10-18,Store_2,Item_4,233.9,0
2021-10-25,Store_2,Item_4,182.8,0
2021-11-01,Store_2,Item_4,138.8,0
2021-11-08,Store_2,Item_4,163.1,0
2021-11-15,Store_2,Item_4,265.8,0
2021-11-22,Store_2,Item_4,204.4,0
2021-11-29,Store_2,Item_4,195.1,0
2021-12-06,Store_2,Item_4,279.2,0
2021-12-13,Store_2,Item_4,263.3,0
2021-12-20,Store_2,Item_4,332.4,1
2021-12-27,Store_2,Item_4,205.4,0
2022-01-03,Store_2,Item_4,207.6,0
2022-01-10,Store_2,Item_4,215.4,0
2022-01-17,Store_2,Item_4,258.9,0
2022-01-24,Store_2,Item_4,212.1,0
2022-01-31,Store_2,Item_4,216.0,0
2022-02-07,Store_2,Item_4,223.8,0
2022-02-14,Store_2,Item_4,152.8,0
2022-02-21,Store_2,Item_4,196.4,0
2022-02-28,Store_2,Item_4,161.7,0
2022-03-07,Store_2,Item_4,111.6,0
2022-03-14,Store_2,Item_4,113.5,0
2022-03-21,Store_2,Item_4,128.5,0
2022-03-28,Store_2,Item_4,155.3,0
2022-04-04,Store_2,Item_4,140.1,0
2022-04-11,Store_2,Item_4,136.2,0
2022-04-18,Store_2,Item_4,170.9,0
2022-04-25,Store_2,Item_4,102.3,0
2022-05-02,Store_2,Item_4,119.8,0
2022-05-09,Store_2,Item_4,123.1,0
2022-05-16,Store_2,Item_4,150.3,1
2022-05-23,Store_2,Item_4,115.4,0
2022-05-30,Store_2,Item_4,90.5,0
2022-06-06,Store_2,Item_4,222.8,1
2022-06-13,Store_2,Item_4,106.1,0
2022-06-20,Store_2,Item_4,227.7,1
2022-06-27,Store_2,Item_4,123.0,0
2022-07-04,Store_2,Item_4,149.2,0
2022-07-11,Store_2,Item_4,214.0,1
2022-07-18,Store_2,Item_4,138.4,0
2022-07-25,Store_2,Item_4,133.4,0
2022-08-01,Store_2,Item_4,231.3,1
2022-08-08,Store_2,Item_4,168.0,0
2022-08-15,Store_2,Item_4,265.8,1
2022-08-22,Store_2,Item_4,173.1,0
2022-08-29,Store_2,Item_4,168.7,0
2022-09-05,Store_2,Item_4,272.3,0
2022-09-12,Store_2,Item_4,199.0,0
2022-09-19,Store_2,Item_4,264.3,0
2022-09-26,Store_2,Item_4,211.6,0
2022-10-03,Store_2,Item_4,234.3,0
2022-10-10,Store_2,Item_4,190.8,0
2022-10-17,Store_2,Item_4,223.5,0
2022-10-24,Store_2,Item_4,252.5,0
2022-10-31,Store_2,Item_4,521.7,1
2022-11-07,Store_2,Item_4,411.4,1
2022-11-14,Store_2,Item_4,316.1,0
2022-11-21,Store_2,Item_4,285.5,0
2022-11-28,Store_2,Item_4,332.6,0
2022-12-05,Store_2,Item_4,259.0,0
2022-12-12,Store_2,Item_4,372.4,0
2022-12-19,Store_2,Item_4,400.0,1
2022-12-26,Store_2,Item_4,228.9,0
2023-01-02,Store_2,Item_4,211.4,0
2023-01-09,Store_2,Item_4,352.5,0
2023-01-16,Store_2,Item_4,275.6,0
2023-01-23,Store_2,Item_4,226.5,0
2023-01-30,Store_2,Item_4,279.2,0
2023-02-06,Store_2,Item_4,249.1,0
2023-02-13,Store_2,Item_4,291.6,0
2023-02-20,Store_2,Item_4,166.6,0
2023-02-27,Store_2,Item_4,194.2,0
2023-03-06,Store_2,Item_4,181.3,0
2023-03-13,Store_2,Item_4,138.9,0
2023-03-20,Store_2,Item_4,209.5,0
2023-03-27,Store_2,Item_4,164.8,0
2023-04-03,Store_2,Item_4,183.9,0
2023-04-10,Store_2,Item_4,225.2,0
2023-04-17,Store_2,Item_4,144.9,0
2023-04-24,Store_2,Item_4,138.9,0
2023-05-01,Store_2,Item_4,208.5,1
2023-05-08,Store_2,Item_4,163.0,0
2023-05-15,Store_2,Item_4,127.3,0
2023-05-22,Store_2,Item_4,125.1,0
2023-05-29,Store_2,Item_4,160.8,0
2023-06-05,Store_2,Item_4,146.4,0
2023-06-12,Store_2,Item_4,103.5,0
2023-06-19,Store_2,Item_4,177.4,1
2023-06-26,Store_2,Item_4,185.0,0
2023-07-03,Store_2,Item_4,284.8,1
2023-07-10,Store_2,Item_4,142.1,0
2023-07-17,Store_2,Item_4,162.0,0
2023-07-24,Store_2,Item_4,266.5,1
2023-07-31,Store_2,Item_4,203.7,0
2023-08-07,Store_2,Item_4,156.4,0
2023-08-14,Store_2,Item_4,177.4,0
2023-08-21,Store_2,Item_4,219.7,0
2023-08-28,Store_2,Item_4,324.2,1
2023-09-04,Store_2,Item_4,251.7,0
2023-09-11,Store_2,Item_4,200.7,0
2023-09-18,Store_2,Item_4,264.7,0
2023-09-25,Store_2,Item_4,306.5,0
2023-10-02,Store_2,Item_4,443.3,1
2023-10-09,Store_2,Item_4,487.9,1
2023-10-16,Store_2,Item_4,281.6,0
2023-10-23,Store_2,Item_4,258.3,0
2023-10-30,Store_2,Item_4,295.4,0
2023-11-06,Store_2,Item_4,366.3,0
2023-11-13,Store_2,Item_4,302.1,0
2023-11-20,Store_2,Item_4,271.7,0
2023-11-27,Store_2,Item_4,289.9,0
2023-12-04,Store_2,Item_4,321.9,0
2023-12-11,Store_2,Item_4,431.3,1
2023-12-18,Store_2,Item_4,333.1,0
2023-12-25,Store_2,Item_4,331.8,0
2021-01-04,Store_2,Item_5,189.4,0
2021-01-11,Store_2,Item_5,249.4,0
2021-01-18,Store_2,Item_5,240.8,1
2021-01-25,Store_2,Item_5,216.8,0
2021-02-01,Store_2,Item_5,172.4,0
2021-02-08,Store_2,Item_5,195.1,0
2021-02-15,Store_2,Item_5,291.5,1
2021-02-22,Store_2,Item_5,187.5,0
2021-03-01,Store_2,Item_5,282.2,1
2021-03-08,Store_2,Item_5,130.8,0
2021-03-15,Store_2,Item_5,176.0,0
2021-03-22,Store_2,Item_5,125.9,0
2021-03-29,Store_2,Item_5,240.5,1
2021-04-05,Store_2,Item_5,136.9,0
2021-04-12,Store_2,Item_5,136.2,0
2021-04-19,Store_2,Item_5,128.5,0
2021-04-26,Store_2,Item_5,104.3,0
2021-05-03,Store_2,Item_5,94.1,0
2021-05-10,Store_2,Item_5,128.2,0
2021-05-17,Store_2,Item_5,204.4,1
2021-05-24,Store_2,Item_5,130.5,0
2021-05-31,Store_2,Item_5,109.1,0
2021-06-07,Store_2,Item_5,89.7,0
2021-06-14,Store_2,Item_5,129.8,0
2021-06-21,Store_2,Item_5,108.7,0
2021-06-28,Store_2,Item_5,124.4,0
2021-07-05,Store_2,Item_5,171.8,1
2021-07-12,Store_2,Item_5,162.7,0
2021-07-19,Store_2,Item_5,116.6,0
2021-07-26,Store_2,Item_5,132.3,0
2021-08-02,Store_2,Item_5,222.9,1
2021-08-09,Store_2,Item_5,207.8,1
2021-08-16,Store_2,Item_5,168.9,0
2021-08-23,Store_2,Item_5,214.5,0
2021-08-30,Store_2,Item_5,164.3,0
2021-09-06,Store_2,Item_5,331.5,1
2021-09-13,Store_2,Item_5,128.0,0
2021-09-20,Store_2,Item_5,199.6,0
2021-09-27,Store_2,Item_5,198.8,0
2021-10-04,Store_2,Item_5,190.8,0
2021-10-11,Store_2,Item_5,261.2,0
2021-10-18,Store_2,Item_5,217.6,0
2021-10-25,Store_2,Item_5,227.9,0
2021-11-01,Store_2,Item_5,225.7,0
2021-11-08,Store_2,Item_5,182.4,0
2021-11-15,Store_2,Item_5,336.9,1
2021-11-22,Store_2,Item_5,286.4,0
2021-11-29,Store_2,Item_5,182.1,0
2021-12-06,Store_2,Item_5,395.1,1
2021-12-13,Store_2,Item_5,234.9,0
2021-12-20,Store_2,Item_5,321.5,0
2021-12-27,Store_2,Item_5,275.3,0
2022-01-03,Store_2,Item_5,222.9,0
2022-01-10,Store_2,Item_5,289.2,0
2022-01-17,Store_2,Item_5,327.2,1
2022-01-24,Store_2,Item_5,371.0,1
2022-01-31,Store_2,Item_5,181.0,0
2022-02-07,Store_2,Item_5,252.3,0
2022-02-14,Store_2,Item_5,195.8,0
2022-02-21,Store_2,Item_5,172.2,0
2022-02-28,Store_2,Item_5,187.1,0
2022-03-07,Store_2,Item_5,193.6,0
2022-03-14,Store_2,Item_5,165.6,0
2022-03-21,Store_2,Item_5,185.8,0
2022-03-28,Store_2,Item_5,150.4,0
2022-04-04,Store_2,Item_5,172.8,0
2022-04-11,Store_2,Item_5,161.8,0
2022-04-18,Store_2,Item_5,144.8,0
2022-04-25,Store_2,Item_5,132.4,0
2022-05-02,Store_2,Item_5,140.7,0
2022-05-09,Store_2,Item_5,146.1,0
2022-05-16,Store_2,Item_5,180.2,0
2022-05-23,Store_2,Item_5,151.2,0
2022-05-30,Store_2,Item_5,151.9,0
2022-06-06,Store_2,Item_5,361.5,1
2022-06-13,Store_2,Item_5,145.1,0
2022-06-20,Store_2,Item_5,147.7,0
2022-06-27,Store_2,Item_5,157.0,0
2022-07-04,Store_2,Item_5,200.6,1
2022-07-11,Store_2,Item_5,224.5,1
2022-07-18,Store_2,Item_5,147.4,0
2022-07-25,Store_2,Item_5,183.3,0
2022-08-01,Store_2,Item_5,170.1,0
2022-08-08,Store_2,Item_5,274.1,1
2022-08-15,Store_2,Item_5,226.2,0
2022-08-22,Store_2,Item_5,229.4,0
2022-08-29,Store_2,Item_5,206.3,0
2022-09-05,Store_2,Item_5,308.4,1
2022-09-12,Store_2,Item_5,273.2,0
2022-09-19,Store_2,Item_5,269.4,0
2022-09-26,Store_2,Item_5,196.0,0
2022-10-03,Store_2,Item_5,246.0,0
2022-10-10,Store_2,Item_5,414.1,1
2022-10-17,Store_2,Item_5,306.8,0
2022-10-24,Store_2,Item_5,320.5,0
2022-10-31,Store_2,Item_5,297.9,0
2022-11-07,Store_2,Item_5,316.8,0
2022-11-14,Store_2,Item_5,296.9,0
2022-11-21,Store_2,Item_5,268.4,0
2022-11-28,Store_2,Item_5,286.9,0
2022-12-05,Store_2,Item_5,299.6,0
2022-12-12,Store_2,Item_5,296.6,0
2022-12-19,Store_2,Item_5,223.7,0
2022-12-26,Store_2,Item_5,391.4,1
2023-01-02,Store_2,Item_5,292.0,0
2023-01-09,Store_2,Item_5,393.3,1
2023-01-16,Store_2,Item_5,409.6,1
2023-01-23,Store_2,Item_5,476.3,1
2023-01-30,Store_2,Item_5,225.6,0
2023-02-06,Store_2,Item_5,201.7,0
2023-02-13,Store_2,Item_5,236.1,0
2023-02-20,Store_2,Item_5,269.0,0
2023-02-27,Store_2,Item_5,297.2,0
2023-03-06,Store_2,Item_5,249.6,0
2023-03-13,Store_2,Item_5,171.3,0
2023-03-20,Store_2,Item_5,197.5,0
2023-03-27,Store_2,Item_5,347.6,1
2023-04-03,Store_2,Item_5,193.4,0
2023-04-10,Store_2,Item_5,196.3,0
2023-04-17,Store_2,Item_5,152.4,0
2023-04-24,Store_2,Item_5,170.8,0
2023-05-01,Store_2,Item_5,175.1,0
2023-05-08,Store_2,Item_5,182.0,0
2023-05-15,Store_2,Item_5,236.3,1
2023-05-22,Store_2,Item_5,149.3,0
2023-05-29,Store_2,Item_5,104.9,0
2023-06-05,Store_2,Item_5,144.2,0
2023-06-12,Store_2,Item_5,148.6,0
2023-06-19,Store_2,Item_5,141.1,0
2023-06-26,Store_2,Item_5,173.3,0
2023-07-03,Store_2,Item_5,173.6,0
2023-07-10,Store_2,Item_5,130.0,0
2023-07-17,Store_2,Item_5,196.3,0
2023-07-24,Store_2,Item_5,173.3,0
2023-07-31,Store_2,Item_5,224.4,0
2023-08-07,Store_2,Item_5,298.8,1
2023-08-14,Store_2,Item_5,231.0,0
2023-08-21,Store_2,Item_5,231.2,0
2023-08-28,Store_2,Item_5,264.4,0
2023-09-04,Store_2,Item_5,269.2,0
2023-09-11,Store_2,Item_5,265.5,0
2023-09-18,Store_2,Item_5,372.4,1
2023-09-25,Store_2,Item_5,381.5,1
2023-10-02,Store_2,Item_5,282.5,0
2023-10-09,Store_2,Item_5,317.5,0
2023-10-16,Store_2,Item_5,298.3,0
2023-10-23,Store_2,Item_5,367.3,0
2023-10-30,Store_2,Item_5,327.5,0
2023-11-06,Store_2,Item_5,300.6,0
2023-11-13,Store_2,Item_5,337.3,0
2023-11-20,Store_2,Item_5,367.0,0
2023-11-27,Store_2,Item_5,374.5,0
2023-12-04,Store_2,Item_5,472.8,0
2023-12-11,Store_2,Item_5,322.7,0
2023-12-18,Store_2,Item_5,350.5,0
2023-12-25,Store_2,Item_5,374.0,0
2021-01-04,Store_3,Item_1,313.9,0
2021-01-11,Store_3,Item_1,396.6,0
2021-01-18,Store_3,Item_1,410.0,0
2021-01-25,Store_3,Item_1,611.7,1
2021-02-01,Store_3,Item_1,385.8,0
2021-02-08,Store_3,Item_1,351.4,0
2021-02-15,Store_3,Item_1,318.6,0
2021-02-22,Store_3,Item_1,283.8,0
2021-03-01,Store_3,Item_1,225.4,0
2021-03-08,Store_3,Item_1,302.5,0
2021-03-15,Store_3,Item_1,283.8,0
2021-03-22,Store_3,Item_1,287.8,0
2021-03-29,Store_3,Item_1,208.1,0
2021-04-05,Store_3,Item_1,268.5,0
2021-04-12,Store_3,Item_1,481.6,1
2021-04-19,Store_3,Item_1,408.2,1
2021-04-26,Store_3,Item_1,217.0,0
2021-05-03,Store_3,Item_1,223.0,0
2021-05-10,Store_3,Item_1,504.6,1
2021-05-17,Store_3,Item_1,176.1,0
2021-05-24,Store_3,Item_1,209.7,0
2021-05-31,Store_3,Item_1,180.5,0
2021-06-07,Store_3,Item_1,188.8,0
2021-06-14,Store_3,Item_1,206.5,0
2021-06-21,Store_3,Item_1,443.6,1
2021-06-28,Store_3,Item_1,286.4,0
2021-07-05,Store_3,Item_1,242.3,0
2021-07-12,Store_3,Item_1,222.9,0
2021-07-19,Store_3,Item_1,357.0,0
2021-07-26,Store_3,Item_1,387.4,1
2021-08-02,Store_3,Item_1,248.2,0
2021-08-09,Store_3,Item_1,217.7,0
2021-08-16,Store_3,Item_1,366.7,0
2021-08-23,Store_3,Item_1,360.8,0
2021-08-30,Store_3,Item_1,469.3,0
2021-09-06,Store_3,Item_1,394.8,1
2021-09-13,Store_3,Item_1,443.8,0
2021-09-20,Store_3,Item_1,375.5,0
2021-09-27,Store_3,Item_1,435.0,0
2021-10-04,Store_3,Item_1,312.1,0
2021-10-11,Store_3,Item_1,512.3,0
2021-10-18,Store_3,Item_1,709.3,1
2021-10-25,Store_3,Item_1,430.7,0
2021-11-01,Store_3,Item_1,486.7,0
2021-11-08,Store_3,Item_1,401.0,0
2021-11-15,Store_3,Item_1,417.6,0
2021-11-22,Store_3,Item_1,428.8,0
2021-11-29,Store_3,Item_1,350.4,0
2021-12-06,Store_3,Item_1,526.1,0
2021-12-13,Store_3,Item_1,551.4,0
2021-12-20,Store_3,Item_1,413.3,0
2021-12-27,Store_3,Item_1,478.6,0
2022-01-03,Store_3,Item_1,430.9,0
2022-01-10,Store_3,Item_1,462.9,0
2022-01-17,Store_3,Item_1,393.2,0
2022-01-24,Store_3,Item_1,369.6,0
2022-01-31,Store_3,Item_1,480.0,0
2022-02-07,Store_3,Item_1,394.3,0
2022-02-14,Store_3,Item_1,520.7,0
2022-02-21,Store_3,Item_1,374.2,0
2022-02-28,Store_3,Item_1,535.9,1
2022-03-07,Store_3,Item_1,412.9,0
2022-03-14,Store_3,Item_1,362.7,0
2022-03-21,Store_3,Item_1,352.9,0
2022-03-28,Store_3,Item_1,362.8,0
2022-04-04,Store_3,Item_1,264.6,0
2022-04-11,Store_3,Item_1,275.2,0
2022-04-18,Store_3,Item_1,263.7,0
2022-04-25,Store_3,Item_1,318.3,1
2022-05-02,Store_3,Item_1,438.1,1
2022-05-09,Store_3,Item_1,304.1,0
2022-05-16,Store_3,Item_1,254.1,0
2022-05-23,Store_3,Item_1,317.1,1
2022-05-30,Store_3,Item_1,334.5,1
2022-06-06,Store_3,Item_1,314.1,0
2022-06-13,Store_3,Item_1,245.4,0
2022-06-20,Store_3,Item_1,336.2,1
2022-06-27,Store_3,Item_1,251.3,0
2022-07-04,Store_3,Item_1,217.4,0
2022-07-11,Store_3,Item_1,348.5,0
2022-07-18,Store_3,Item_1,277.6,0
2022-07-25,Store_3,Item_1,377.8,0
2022-08-01,Store_3,Item_1,325.6,0
2022-08-08,Store_3,Item_1,712.9,1
2022-08-15,Store_3,Item_1,369.9,0
2022-08-22,Store_3,Item_1,424.1,0
2022-08-29,Store_3,Item_1,435.6,0
2022-09-05,Store_3,Item_1,449.0,0
2022-09-12,Store_3,Item_1,449.7,0
2022-09-19,Store_3,Item_1,429.2,0
2022-09-26,Store_3,Item_1,1055.8,1
2022-10-03,Store_3,Item_1,416.8,0
2022-10-10,Store_3,Item_1,784.8,1
2022-10-17,Store_3,Item_1,506.9,0
2022-10-24,Store_3,Item_1,550.1,0
2022-10-31,Store_3,Item_1,495.8,0
2022-11-07,Store_3,Item_1,563.3,0
2022-11-14,Store_3,Item_1,530.9,0
2022-11-21,Store_3,Item_1,622.5,1
2022-11-28,Store_3,Item_1,553.1,0
2022-12-05,Store_3,Item_1,469.4,0
2022-12-12,Store_3,Item_1,426.1,0
2022-12-19,Store_3,Item_1,560.0,0
2022-12-26,Store_3,Item_1,584.4,0
2023-01-02,Store_3,Item_1,579.9,0
2023-01-09,Store_3,Item_1,573.6,0
2023-01-16,Store_3,Item_1,387.1,0
2023-01-23,Store_3,Item_1,411.5,0
2023-01-30,Store_3,Item_1,658.6,0
2023-02-06,Store_3,Item_1,407.2,0
2023-02-13,Store_3,Item_1,504.4,0
2023-02-20,Store_3,Item_1,401.1,0
2023-02-27,Store_3,Item_1,648.8,1
2023-03-06,Store_3,Item_1,374.1,0
2023-03-13,Store_3,Item_1,639.6,1
2023-03-20,Store_3,Item_1,386.4,0
2023-03-27,Store_3,Item_1,339.7,0
2023-04-03,Store_3,Item_1,298.2,0
2023-04-10,Store_3,Item_1,613.0,1
2023-04-17,Store_3,Item_1,269.9,0
2023-04-24,Store_3,Item_1,333.7,0
2023-05-01,Store_3,Item_1,450.6,0
2023-05-08,Store_3,Item_1,364.4,0
2023-05-15,Store_3,Item_1,326.5,0
2023-05-22,Store_3,Item_1,287.3,0
2023-05-29,Store_3,Item_1,217.8,0
2023-06-05,Store_3,Item_1,363.4,1
2023-06-12,Store_3,Item_1,569.1,1
2023-06-19,Store_3,Item_1,270.3,0
2023-06-26,Store_3,Item_1,282.0,0
2023-07-03,Store_3,Item_1,316.1,0
2023-07-10,Store_3,Item_1,287.7,0
2023-07-17,Store_3,Item_1,293.1,0
2023-07-24,Store_3,Item_1,365.7,0
2023-07-31,Store_3,Item_1,499.3,1
2023-08-07,Store_3,Item_1,523.8,1
2023-08-14,Store_3,Item_1,676.7,1
2023-08-21,Store_3,Item_1,791.5,1
2023-08-28,Store_3,Item_1,451.9,0
2023-09-04,Store_3,Item_1,476.4,0
2023-09-11,Store_3,Item_1,795.1,1
2023-09-18,Store_3,Item_1,520.2,0
2023-09-25,Store_3,Item_1,529.1,0
2023-10-02,Store_3,Item_1,1053.9,1
2023-10-09,Store_3,Item_1,650.1,0
2023-10-16,Store_3,Item_1,591.7,0
2023-10-23,Store_3,Item_1,626.9,0
2023-10-30,Store_3,Item_1,562.5,0
2023-11-06,Store_3,Item_1,565.2,0
2023-11-13,Store_3,Item_1,730.1,0
2023-11-20,Store_3,Item_1,702.0,0
2023-11-27,Store_3,Item_1,706.9,0
2023-12-04,Store_3,Item_1,689.8,0
2023-12-11,Store_3,Item_1,664.6,0
2023-12-18,Store_3,Item_1,1269.2,1
2023-12-25,Store_3,Item_1,747.0,0
2021-01-04,Store_3,Item_2,160.7,0
2021-01-11,Store_3,Item_2,158.2,0
2021-01-18,Store_3,Item_2,232.1,1
2021-01-25,Store_3,Item_2,216.2,0
2021-02-01,Store_3,Item_2,415.2,1
2021-02-08,Store_3,Item_2,232.3,1
2021-02-15,Store_3,Item_2,132.6,0
2021-02-22,Store_3,Item_2,111.6,0
2021-03-01,Store_3,Item_2,144.6,0
2021-03-08,Store_3,Item_2,212.7,1
2021-03-15,Store_3,Item_2,125.5,0
2021-03-22,Store_3,Item_2,137.2,0
2021-03-29,Store_3,Item_2,135.0,0
2021-04-05,Store_3,Item_2,128.3,0
2021-04-12,Store_3,Item_2,176.6,1
2021-04-19,Store_3,Item_2,96.2,0
2021-04-26,Store_3,Item_2,121.2,0
2021-05-03,Store_3,Item_2,106.9,0
2021-05-10,Store_3,Item_2,119.2,0
2021-05-17,Store_3,Item_2,193.2,1
2021-05-24,Store_3,Item_2,126.8,1
2021-05-31,Store_3,Item_2,146.5,1
2021-06-07,Store_3,Item_2,91.7,0
2021-06-14,Store_3,Item_2,89.0,0
2021-06-21,Store_3,Item_2,179.3,1
2021-06-28,Store_3,Item_2,115.6,0
2021-07-05,Store_3,Item_2,133.8,0
2021-07-12,Store_3,Item_2,125.4,0
2021-07-19,Store_3,Item_2,127.3,0
2021-07-26,Store_3,Item_2,154.5,0
2021-08-02,Store_3,Item_2,145.3,0
2021-08-09,Store_3,Item_2,143.6,0
2021-08-16,Store_3,Item_2,186.1,0
2021-08-23,Store_3,Item_2,223.1,1
2021-08-30,Store_3,Item_2,156.7,0
2021-09-06,Store_3,Item_2,151.4,0
2021-09-13,Store_3,Item_2,311.5,1
2021-09-20,Store_3,Item_2,224.0,0
2021-09-27,Store_3,Item_2,191.9,0
2021-10-04,Store_3,Item_2,243.1,0
2021-10-11,Store_3,Item_2,153.7,0
2021-10-18,Store_3,Item_2,210.3,0
2021-10-25,Store_3,Item_2,215.8,0
2021-11-01,Store_3,Item_2,198.8,0
2021-11-08,Store_3,Item_2,321.5,0
2021-11-15,Store_3,Item_2,226.0,0
2021-11-22,Store_3,Item_2,216.7,0
2021-11-29,Store_3,Item_2,232.4,0
2021-12-06,Store_3,Item_2,172.0,0
2021-12-13,Store_3,Item_2,331.8,1
2021-12-20,Store_3,Item_2,266.3,0
2021-12-27,Store_3,Item_2,207.4,0
2022-01-03,Store_3,Item_2,198.6,0
2022-01-10,Store_3,Item_2,409.4,1
2022-01-17,Store_3,Item_2,264.3,0
2022-01-24,Store_3,Item_2,228.3,0
2022-01-31,Store_3,Item_2,192.2,0
2022-02-07,Store_3,Item_2,192.5,0
2022-02-14,Store_3,Item_2,295.2,1
2022-02-21,Store_3,Item_2,160.6,0
2022-02-28,Store_3,Item_2,153.5,0
2022-03-07,Store_3,Item_2,157.2,0
2022-03-14,Store_3,Item_2,141.8,0
2022-03-21,Store_3,Item_2,125.7,0
2022-03-28,Store_3,Item_2,157.3,0
2022-04-04,Store_3,Item_2,245.0,1
2022-04-11,Store_3,Item_2,181.2,0
2022-04-18,Store_3,Item_2,122.7,0
2022-04-25,Store_3,Item_2,218.1,1
2022-05-02,Store_3,Item_2,133.7,0
2022-05-09,Store_3,Item_2,120.2,0
2022-05-16,Store_3,Item_2,137.4,0
2022-05-23,Store_3,Item_2,136.9,0
2022-05-30,Store_3,Item_2,128.0,0
2022-06-06,Store_3,Item_2,118.2,0
2022-06-13,Store_3,Item_2,118.2,0
2022-06-20,Store_3,Item_2,163.4,1
2022-06-27,Store_3,Item_2,173.0,1
2022-07-04,Store_3,Item_2,123.8,0
2022-07-11,Store_3,Item_2,119.5,0
2022-07-18,Store_3,Item_2,157.5,0
2022-07-25,Store_3,Item_2,184.6,0
2022-08-01,Store_3,Item_2,141.4,0
2022-08-08,Store_3,Item_2,177.3,0
2022-08-15,Store_3,Item_2,264.8,1
2022-08-22,Store_3,Item_2,178.9,0
2022-08-29,Store_3,Item_2,176.9,0
2022-09-05,Store_3,Item_2,224.3,0
2022-09-12,Store_3,Item_2,193.4,0
2022-09-19,Store_3,Item_2,259.0,0
2022-09-26,Store_3,Item_2,222.8,0
2022-10-03,Store_3,Item_2,217.1,0
2022-10-10,Store_3,Item_2,204.6,0
2022-10-17,Store_3,Item_2,404.7,1
2022-10-24,Store_3,Item_2,296.7,0
2022-10-31,Store_3,Item_2,276.0,0
2022-11-07,Store_3,Item_2,376.2,0
2022-11-14,Store_3,Item_2,337.7,0
2022-11-21,Store_3,Item_2,263.0,0
2022-11-28,Store_3,Item_2,264.0,0
2022-12-05,Store_3,Item_2,488.7,1
2022-12-12,Store_3,Item_2,244.1,0
2022-12-19,Store_3,Item_2,573.6,1
2022-12-26,Store_3,Item_2,287.4,0
2023-01-02,Store_3,Item_2,279.2,0
2023-01-09,Store_3,Item_2,292.7,0
2023-01-16,Store_3,Item_2,508.1,1
2023-01-23,Store_3,Item_2,407.0,1
2023-01-30,Store_3,Item_2,241.8,0
2023-02-06,Store_3,Item_2,298.8,0
2023-02-13,Store_3,Item_2,266.6,0
2023-02-20,Store_3,Item_2,212.3,0
2023-02-27,Store_3,Item_2,214.6,0
2023-03-06,Store_3,Item_2,212.2,0
2023-03-13,Store_3,Item_2,208.8,0
2023-03-20,Store_3,Item_2,155.0,0
2023-03-27,Store_3,Item_2,225.4,1
2023-04-03,Store_3,Item_2,233.7,1
2023-04-10,Store_3,Item_2,145.6,0
2023-04-17,Store_3,Item_2,147.3,0
2023-04-24,Store_3,Item_2,172.5,0
2023-05-01,Store_3,Item_2,148.8,0
2023-05-08,Store_3,Item_2,153.7,0
2023-05-15,Store_3,Item_2,122.5,0
2023-05-22,Store_3,Item_2,199.2,1
2023-05-29,Store_3,Item_2,159.1,0
2023-06-05,Store_3,Item_2,160.5,0
2023-06-12,Store_3,Item_2,133.8,0
2023-06-19,Store_3,Item_2,156.1,0
2023-06-26,Store_3,Item_2,217.8,0
2023-07-03,Store_3,Item_2,162.0,0
2023-07-10,Store_3,Item_2,152.4,0
2023-07-17,Store_3,Item_2,171.9,0
2023-07-24,Store_3,Item_2,187.2,0
2023-07-31,Store_3,Item_2,189.4,0
2023-08-07,Store_3,Item_2,202.3,0
2023-08-14,Store_3,Item_2,172.0,0
2023-08-21,Store_3,Item_2,278.2,1
2023-08-28,Store_3,Item_2,361.5,1
2023-09-04,Store_3,Item_2,239.3,0
2023-09-11,Store_3,Item_2,235.2,0
2023-09-18,Store_3,Item_2,259.4,0
2023-09-25,Store_3,Item_2,278.9,0
2023-10-02,Store_3,Item_2,485.9,1
2023-10-09,Store_3,Item_2,290.6,0
2023-10-16,Store_3,Item_2,321.7,0
2023-10-23,Store_3,Item_2,286.4,0
2023-10-30,Store_3,Item_2,345.0,0
2023-11-06,Store_3,Item_2,340.7,0
2023-11-13,Store_3,Item_2,371.3,0
2023-11-20,Store_3,Item_2,560.2,1
2023-11-27,Store_3,Item_2,361.4,0
2023-12-04,Store_3,Item_2,326.7,0
2023-12-11,Store_3,Item_2,493.4,1
2023-12-18,Store_3,Item_2,385.4,0
2023-12-25,Store_3,Item_2,295.5,0
2021-01-04,Store_3,Item_3,246.3,0
2021-01-11,Store_3,Item_3,404.3,1
2021-01-18,Store_3,Item_3,286.8,0
2021-01-25,Store_3,Item_3,269.8,0
2021-02-01,Store_3,Item_3,272.2,0
2021-02-08,Store_3,Item_3,275.6,0
2021-02-15,Store_3,Item_3,225.3,0
2021-02-22,Store_3,Item_3,297.1,0
2021-03-01,Store_3,Item_3,319.6,1
2021-03-08,Store_3,Item_3,207.1,0
2021-03-15,Store_3,Item_3,227.9,0
2021-03-22,Store_3,Item_3,154.7,0
2021-03-29,Store_3,Item_3,257.0,1
2021-04-05,Store_3,Item_3,216.9,0
2021-04-12,Store_3,Item_3,200.6,1
2021-04-19,Store_3,Item_3,205.3,0
2021-04-26,Store_3,Item_3,210.7,0
2021-05-03,Store_3,Item_3,154.8,0
2021-05-10,Store_3,Item_3,167.2,0
2021-05-17,Store_3,Item_3,265.3,1
2021-05-24,Store_3,Item_3,145.8,0
2021-05-31,Store_3,Item_3,263.4,1
2021-06-07,Store_3,Item_3,142.4,0
2021-06-14,Store_3,Item_3,229.5,1
2021-06-21,Store_3,Item_3,145.0,0
2021-06-28,Store_3,Item_3,177.0,0
2021-07-05,Store_3,Item_3,206.9,0
2021-07-12,Store_3,Item_3,259.7,1
2021-07-19,Store_3,Item_3,156.4,0
2021-07-26,Store_3,Item_3,168.4,0
2021-08-02,Store_3,Item_3,220.2,0
2021-08-09,Store_3,Item_3,480.2,1
2021-08-16,Store_3,Item_3,242.6,0
2021-08-23,Store_3,Item_3,226.5,0
2021-08-30,Store_3,Item_3,281.8,0
2021-09-06,Store_3,Item_3,253.6,0
2021-09-13,Store_3,Item_3,259.2,0
2021-09-20,Store_3,Item_3,247.4,0
2021-09-27,Store_3,Item_3,365.5,0
2021-10-04,Store_3,Item_3,308.7,1
2021-10-11,Store_3,Item_3,356.1,0
2021-10-18,Store_3,Item_3,303.2,0
2021-10-25,Store_3,Item_3,313.0,0
2021-11-01,Store_3,Item_3,437.1,0
2021-11-08,Store_3,Item_3,310.4,0
2021-11-15,Store_3,Item_3,316.0,0
2021-11-22,Store_3,Item_3,346.1,0
2021-11-29,Store_3,Item_3,377.4,0
2021-12-06,Store_3,Item_3,332.7,0
2021-12-13,Store_3,Item_3,280.4,0
2021-12-20,Store_3,Item_3,309.8,0
2021-12-27,Store_3,Item_3,702.4,1
2022-01-03,Store_3,Item_3,348.3,0
2022-01-10,Store_3,Item_3,362.2,0
2022-01-17,Store_3,Item_3,319.0,0
2022-01-24,Store_3,Item_3,293.5,0
2022-01-31,Store_3,Item_3,404.8,0
2022-02-07,Store_3,Item_3,297.3,0
2022-02-14,Store_3,Item_3,482.3,1
2022-02-21,Store_3,Item_3,336.2,0
2022-02-28,Store_3,Item_3,246.8,0
2022-03-07,Store_3,Item_3,241.7,0
2022-03-14,Store_3,Item_3,254.0,0
2022-03-21,Store_3,Item_3,355.1,1
2022-03-28,Store_3,Item_3,242.6,0
2022-04-04,Store_3,Item_3,493.5,1
2022-04-11,Store_3,Item_3,393.8,1
2022-04-18,Store_3,Item_3,145.7,0
2022-04-25,Store_3,Item_3,211.2,0
2022-05-02,Store_3,Item_3,196.7,0
2022-05-09,Store_3,Item_3,192.6,0
2022-05-16,Store_3,Item_3,195.5,0
2022-05-23,Store_3,Item_3,186.1,0
2022-05-30,Store_3,Item_3,185.4,0
2022-06-06,Store_3,Item_3,206.2,0
2022-06-13,Store_3,Item_3,176.2,0
2022-06-20,Store_3,Item_3,169.6,0
2022-06-27,Store_3,Item_3,315.7,0
2022-07-04,Store_3,Item_3,187.1,0
2022-07-11,Store_3,Item_3,219.8,0
2022-07-18,Store_3,Item_3,310.6,1
2022-07-25,Store_3,Item_3,240.8,0
2022-08-01,Store_3,Item_3,216.0,0
2022-08-08,Store_3,Item_3,388.2,1
2022-08-15,Store_3,Item_3,319.6,0
2022-08-22,Store_3,Item_3,307.8,0
2022-08-29,Store_3,Item_3,485.7,1
2022-09-05,Store_3,Item_3,241.3,0
2022-09-12,Store_3,Item_3,431.4,0
2022-09-19,Store_3,Item_3,285.8,0
2022-09-26,Store_3,Item_3,445.0,0
2022-10-03,Store_3,Item_3,717.2,1
2022-10-10,Store_3,Item_3,412.0,0
2022-10-17,Store_3,Item_3,342.0,0
2022-10-24,Store_3,Item_3,407.0,0
2022-10-31,Store_3,Item_3,378.5,0
2022-11-07,Store_3,Item_3,414.7,0
2022-11-14,Store_3,Item_3,589.3,1
2022-11-21,Store_3,Item_3,311.4,0
2022-11-28,Store_3,Item_3,501.6,0
2022-12-05,Store_3,Item_3,419.9,0
2022-12-12,Store_3,Item_3,394.4,0
2022-12-19,Store_3,Item_3,387.7,0
2022-12-26,Store_3,Item_3,440.3,0
2023-01-02,Store_3,Item_3,360.4,0
2023-01-09,Store_3,Item_3,289.2,0
2023-01-16,Store_3,Item_3,421.5,0
2023-01-23,Store_3,Item_3,418.5,0
2023-01-30,Store_3,Item_3,365.8,0
2023-02-06,Store_3,Item_3,504.0,1
2023-02-13,Store_3,Item_3,358.5,0
2023-02-20,Store_3,Item_3,274.4,0
2023-02-27,Store_3,Item_3,282.0,0
2023-03-06,Store_3,Item_3,282.4,0
2023-03-13,Store_3,Item_3,343.9,0
2023-03-20,Store_3,Item_3,275.5,0
2023-03-27,Store_3,Item_3,261.0,0
2023-04-03,Store_3,Item_3,358.6,0
2023-04-10,Store_3,Item_3,271.6,0
2023-04-17,Store_3,Item_3,261.4,0
2023-04-24,Store_3,Item_3,227.6,0
2023-05-01,Store_3,Item_3,353.4,1
2023-05-08,Store_3,Item_3,165.2,0
2023-05-15,Store_3,Item_3,260.4,0
2023-05-22,Store_3,Item_3,239.0,0
2023-05-29,Store_3,Item_3,217.5,0
2023-06-05,Store_3,Item_3,220.5,0
2023-06-12,Store_3,Item_3,255.0,0
2023-06-19,Store_3,Item_3,328.6,1
2023-06-26,Store_3,Item_3,377.7,1
2023-07-03,Store_3,Item_3,210.1,0
2023-07-10,Store_3,Item_3,337.3,0
2023-07-17,Store_3,Item_3,308.1,0
2023-07-24,Store_3,Item_3,203.8,0
2023-07-31,Store_3,Item_3,236.8,0
2023-08-07,Store_3,Item_3,305.5,0
2023-08-14,Store_3,Item_3,451.3,1
2023-08-21,Store_3,Item_3,281.6,0
2023-08-28,Store_3,Item_3,683.8,1
2023-09-04,Store_3,Item_3,668.1,1
2023-09-11,Store_3,Item_3,421.0,0
2023-09-18,Store_3,Item_3,368.2,0
2023-09-25,Store_3,Item_3,471.8,0
2023-10-02,Store_3,Item_3,414.2,0
2023-10-09,Store_3,Item_3,433.3,0
2023-10-16,Store_3,Item_3,508.9,0
2023-10-23,Store_3,Item_3,647.9,1
2023-10-30,Store_3,Item_3,616.2,0
2023-11-06,Store_3,Item_3,507.3,0
2023-11-13,Store_3,Item_3,605.4,0
2023-11-20,Store_3,Item_3,429.9,0
2023-11-27,Store_3,Item_3,442.1,0
2023-12-04,Store_3,Item_3,427.3,0
2023-12-11,Store_3,Item_3,526.3,0
2023-12-18,Store_3,Item_3,509.0,0
2023-12-25,Store_3,Item_3,465.7,0
2021-01-04,Store_3,Item_4,416.1,1
2021-01-11,Store_3,Item_4,203.0,0
2021-01-18,Store_3,Item_4,266.5,0
2021-01-25,Store_3,Item_4,313.0,0
2021-02-01,Store_3,Item_4,258.0,0
2021-02-08,Store_3,Item_4,459.7,1
2021-02-15,Store_3,Item_4,260.9,0
2021-02-22,Store_3,Item_4,298.4,0
2021-03-01,Store_3,Item_4,226.9,0
2021-03-08,Store_3,Item_4,390.3,1
2021-03-15,Store_3,Item_4,235.9,0
2021-03-22,Store_3,Item_4,262.5,0
2021-03-29,Store_3,Item_4,156.0,0
2021-04-05,Store_3,Item_4,180.5,0
2021-04-12,Store_3,Item_4,211.0,0
2021-04-19,Store_3,Item_4,225.7,0
2021-04-26,Store_3,Item_4,179.8,0
2021-05-03,Store_3,Item_4,161.6,0
2021-05-10,Store_3,Item_4,258.9,1
2021-05-17,Store_3,Item_4,309.1,1
2021-05-24,Store_3,Item_4,229.3,1
2021-05-31,Store_3,Item_4,169.3,0
2021-06-07,Store_3,Item_4,193.6,0
2021-06-14,Store_3,Item_4,218.5,0
2021-06-21,Store_3,Item_4,188.3,0
2021-06-28,Store_3,Item_4,174.6,0
2021-07-05,Store_3,Item_4,178.1,0
2021-07-12,Store_3,Item_4,203.0,0
2021-07-19,Store_3,Item_4,191.7,0
2021-07-26,Store_3,Item_4,210.0,0
2021-08-02,Store_3,Item_4,182.9,0
2021-08-09,Store_3,Item_4,272.8,0
2021-08-16,Store_3,Item_4,199.0,0
2021-08-23,Store_3,Item_4,232.0,0
2021-08-30,Store_3,Item_4,263.1,0
2021-09-06,Store_3,Item_4,364.9,0
2021-09-13,Store_3,Item_4,265.6,0
2021-09-20,Store_3,Item_4,466.8,1
2021-09-27,Store_3,Item_4,281.5,0
2021-10-04,Store_3,Item_4,626.0,1
2021-10-11,Store_3,Item_4,214.4,0
2021-10-18,Store_3,Item_4,288.6,0
2021-10-25,Store_3,Item_4,891.8,1
2021-11-01,Store_3,Item_4,382.6,0
2021-11-08,Store_3,Item_4,302.0,0
2021-11-15,Store_3,Item_4,358.5,0
2021-11-22,Store_3,Item_4,367.8,0
2021-11-29,Store_3,Item_4,712.7,1
2021-12-06,Store_3,Item_4,482.3,0
2021-12-13,Store_3,Item_4,387.6,0
2021-12-20,Store_3,Item_4,559.8,1
2021-12-27,Store_3,Item_4,404.9,0
2022-01-03,Store_3,Item_4,320.1,0
2022-01-10,Store_3,Item_4,299.4,0
2022-01-17,Store_3,Item_4,263.2,0
2022-01-24,Store_3,Item_4,264.5,0
2022-01-31,Store_3,Item_4,425.0,1
2022-02-07,Store_3,Item_4,264.6,0
2022-02-14,Store_3,Item_4,319.8,0
2022-02-21,Store_3,Item_4,246.2,0
2022-02-28,Store_3,Item_4,177.4,0
2022-03-07,Store_3,Item_4,233.2,0
2022-03-14,Store_3,Item_4,383.7,1
2022-03-21,Store_3,Item_4,229.2,0
2022-03-28,Store_3,Item_4,301.9,0
2022-04-04,Store_3,Item_4,328.8,1
2022-04-11,Store_3,Item_4,418.0,1
2022-04-18,Store_3,Item_4,213.7,0
2022-04-25,Store_3,Item_4,206.2,0
2022-05-02,Store_3,Item_4,178.2,0
2022-05-09,Store_3,Item_4,195.7,0
2022-05-16,Store_3,Item_4,173.4,0
2022-05-23,Store_3,Item_4,344.7,1
2022-05-30,Store_3,Item_4,186.0,0
2022-06-06,Store_3,Item_4,168.6,0
2022-06-13,Store_3,Item_4,228.5,0
2022-06-20,Store_3,Item_4,214.8,0
2022-06-27,Store_3,Item_4,194.0,0
2022-07-04,Store_3,Item_4,219.5,0
2022-07-11,Store_3,Item_4,220.6,0
2022-07-18,Store_3,Item_4,204.9,0
2022-07-25,Store_3,Item_4,373.8,1
2022-08-01,Store_3,Item_4,339.5,1
2022-08-08,Store_3,Item_4,233.4,0
2022-08-15,Store_3,Item_4,221.5,0
2022-08-22,Store_3,Item_4,280.5,0
2022-08-29,Store_3,Item_4,337.4,0
2022-09-05,Store_3,Item_4,292.3,0
2022-09-12,Store_3,Item_4,492.8,0
2022-09-19,Store_3,Item_4,401.9,0
2022-09-26,Store_3,Item_4,640.9,1
2022-10-03,Store_3,Item_4,425.8,0
2022-10-10,Store_3,Item_4,514.1,0
2022-10-17,Store_3,Item_4,546.1,1
2022-10-24,Store_3,Item_4,280.2,0
2022-10-31,Store_3,Item_4,391.9,0
2022-11-07,Store_3,Item_4,462.9,0
2022-11-14,Store_3,Item_4,441.3,0
2022-11-21,Store_3,Item_4,453.6,0
2022-11-28,Store_3,Item_4,533.0,0
2022-12-05,Store_3,Item_4,464.1,0
2022-12-12,Store_3,Item_4,492.8,0
2022-12-19,Store_3,Item_4,580.5,1
2022-12-26,Store_3,Item_4,365.7,0
2023-01-02,Store_3,Item_4,540.5,0
2023-01-09,Store_3,Item_4,631.1,1
2023-01-16,Store_3,Item_4,551.9,1
2023-01-23,Store_3,Item_4,364.2,0
2023-01-30,Store_3,Item_4,352.9,0
2023-02-06,Store_3,Item_4,339.4,0
2023-02-13,Store_3,Item_4,301.3,0
2023-02-20,Store_3,Item_4,281.5,0
2023-02-27,Store_3,Item_4,329.3,0
2023-03-06,Store_3,Item_4,298.3,0
2023-03-13,Store_3,Item_4,369.0,0
2023-03-20,Store_3,Item_4,497.0,1
2023-03-27,Store_3,Item_4,299.4,0
2023-04-03,Store_3,Item_4,247.3,0
2023-04-10,Store_3,Item_4,261.0,0
2023-04-17,Store_3,Item_4,270.5,0
2023-04-24,Store_3,Item_4,276.1,0
2023-05-01,Store_3,Item_4,238.0,0
2023-05-08,Store_3,Item_4,277.3,0
2023-05-15,Store_3,Item_4,232.7,0
2023-05-22,Store_3,Item_4,259.5,0
2023-05-29,Store_3,Item_4,214.2,0
2023-06-05,Store_3,Item_4,177.2,0
2023-06-12,Store_3,Item_4,245.3,0
2023-06-19,Store_3,Item_4,268.5,0
2023-06-26,Store_3,Item_4,387.4,1
2023-07-03,Store_3,Item_4,273.5,0
2023-07-10,Store_3,Item_4,253.6,0
2023-07-17,Store_3,Item_4,247.3,0
2023-07-24,Store_3,Item_4,317.0,0
2023-07-31,Store_3,Item_4,326.3,0
2023-08-07,Store_3,Item_4,446.2,1
2023-08-14,Store_3,Item_4,398.1,0
2023-08-21,Store_3,Item_4,472.3,1
2023-08-28,Store_3,Item_4,480.5,1
2023-09-04,Store_3,Item_4,494.9,0
2023-09-11,Store_3,Item_4,460.5,0
2023-09-18,Store_3,Item_4,399.2,0
2023-09-25,Store_3,Item_4,456.2,0
2023-10-02,Store_3,Item_4,462.7,0
2023-10-09,Store_3,Item_4,309.6,0
2023-10-16,Store_3,Item_4,732.6,1
2023-10-23,Store_3,Item_4,487.1,0
2023-10-30,Store_3,Item_4,475.0,0
2023-11-06,Store_3,Item_4,528.4,0
2023-11-13,Store_3,Item_4,610.6,0
2023-11-20,Store_3,Item_4,892.6,1
2023-11-27,Store_3,Item_4,447.0,0
2023-12-04,Store_3,Item_4,550.2,0
2023-12-11,Store_3,Item_4,498.2,0
2023-12-18,Store_3,Item_4,507.9,0
2023-12-25,Store_3,Item_4,833.8,1
2021-01-04,Store_3,Item_5,245.3,0
2021-01-11,Store_3,Item_5,253.4,0
2021-01-18,Store_3,Item_5,275.2,0
2021-01-25,Store_3,Item_5,384.1,1
2021-02-01,Store_3,Item_5,369.4,1
2021-02-08,Store_3,Item_5,225.6,0
2021-02-15,Store_3,Item_5,271.7,1
2021-02-22,Store_3,Item_5,165.9,0
2021-03-01,Store_3,Item_5,233.2,0
2021-03-08,Store_3,Item_5,226.6,0
2021-03-15,Store_3,Item_5,190.9,0
2021-03-22,Store_3,Item_5,218.2,0
2021-03-29,Store_3,Item_5,196.0,0
2021-04-05,Store_3,Item_5,178.0,0
2021-04-12,Store_3,Item_5,135.0,0
2021-04-19,Store_3,Item_5,309.4,1
2021-04-26,Store_3,Item_5,156.4,0
2021-05-03,Store_3,Item_5,132.5,0
2021-05-10,Store_3,Item_5,124.3,0
2021-05-17,Store_3,Item_5,140.5,0
2021-05-24,Store_3,Item_5,104.5,0
2021-05-31,Store_3,Item_5,148.8,0
2021-06-07,Store_3,Item_5,117.1,0
2021-06-14,Store_3,Item_5,144.9,0
2021-06-21,Store_3,Item_5,129.7,0
2021-06-28,Store_3,Item_5,138.7,0
2021-07-05,Store_3,Item_5,133.4,0
2021-07-12,Store_3,Item_5,151.7,0
2021-07-19,Store_3,Item_5,215.0,0
2021-07-26,Store_3,Item_5,208.8,0
2021-08-02,Store_3,Item_5,187.8,0
2021-08-09,Store_3,Item_5,186.3,0
2021-08-16,Store_3,Item_5,340.5,1
2021-08-23,Store_3,Item_5,243.7,0
2021-08-30,Store_3,Item_5,190.6,0
2021-09-06,Store_3,Item_5,223.0,0
2021-09-13,Store_3,Item_5,179.3,0
2021-09-20,Store_3,Item_5,452.7,1
2021-09-27,Store_3,Item_5,345.9,0
2021-10-04,Store_3,Item_5,266.2,0
2021-10-11,Store_3,Item_5,197.6,0
2021-10-18,Store_3,Item_5,305.3,0
2021-10-25,Store_3,Item_5,396.7,1
2021-11-01,Store_3,Item_5,263.9,0
2021-11-08,Store_3,Item_5,325.3,0
2021-11-15,Store_3,Item_5,311.7,0
2021-11-22,Store_3,Item_5,281.6,0
2021-11-29,Store_3,Item_5,276.3,0
2021-12-06,Store_3,Item_5,310.7,0
2021-12-13,Store_3,Item_5,472.8,1
2021-12-20,Store_3,Item_5,439.6,1
2021-12-27,Store_3,Item_5,285.0,0
2022-01-03,Store_3,Item_5,310.9,0
2022-01-10,Store_3,Item_5,282.9,0
2022-01-17,Store_3,Item_5,230.5,0
2022-01-24,Store_3,Item_5,322.1,0
2022-01-31,Store_3,Item_5,179.7,0
2022-02-07,Store_3,Item_5,362.1,1
2022-02-14,Store_3,Item_5,231.4,0
2022-02-21,Store_3,Item_5,250.4,0
2022-02-28,Store_3,Item_5,256.4,0
2022-03-07,Store_3,Item_5,268.2,0
2022-03-14,Store_3,Item_5,195.6,0
2022-03-21,Store_3,Item_5,227.8,0
2022-03-28,Store_3,Item_5,337.7,1
2022-04-04,Store_3,Item_5,148.9,0
2022-04-11,Store_3,Item_5,245.5,0
2022-04-18,Store_3,Item_5,143.9,0
2022-04-25,Store_3,Item_5,183.7,0
2022-05-02,Store_3,Item_5,177.9,0
2022-05-09,Store_3,Item_5,171.1,0
2022-05-16,Store_3,Item_5,150.2,0
2022-05-23,Store_3,Item_5,270.6,1
2022-05-30,Store_3,Item_5,127.0,0
2022-06-06,Store_3,Item_5,159.9,0
2022-06-13,Store_3,Item_5,150.7,0
2022-06-20,Store_3,Item_5,151.5,0
2022-06-27,Store_3,Item_5,183.9,0
2022-07-04,Store_3,Item_5,209.8,0
2022-07-11,Store_3,Item_5,176.5,0
2022-07-18,Store_3,Item_5,218.0,0
2022-07-25,Store_3,Item_5,204.6,0
2022-08-01,Store_3,Item_5,186.4,0
2022-08-08,Store_3,Item_5,302.0,1
2022-08-15,Store_3,Item_5,347.4,1
2022-08-22,Store_3,Item_5,221.9,0
2022-08-29,Store_3,Item_5,274.9,0
2022-09-05,Store_3,Item_5,279.3,0
2022-09-12,Store_3,Item_5,366.4,1
2022-09-19,Store_3,Item_5,228.9,0
2022-09-26,Store_3,Item_5,494.5,1
2022-10-03,Store_3,Item_5,278.5,0
2022-10-10,Store_3,Item_5,339.3,0
2022-10-17,Store_3,Item_5,586.1,1
2022-10-24,Store_3,Item_5,282.5,0
2022-10-31,Store_3,Item_5,418.7,1
2022-11-07,Store_3,Item_5,784.4,1
2022-11-14,Store_3,Item_5,667.7,1
2022-11-21,Store_3,Item_5,340.2,0
2022-11-28,Store_3,Item_5,316.7,0
2022-12-05,Store_3,Item_5,337.9,0
2022-12-12,Store_3,Item_5,304.6,0
2022-12-19,Store_3,Item_5,628.3,1
2022-12-26,Store_3,Item_5,319.0,0
2023-01-02,Store_3,Item_5,416.0,0
2023-01-09,Store_3,Item_5,327.3,0
2023-01-16,Store_3,Item_5,291.3,0
2023-01-23,Store_3,Item_5,311.8,0
2023-01-30,Store_3,Item_5,218.6,0
2023-02-06,Store_3,Item_5,308.2,0
2023-02-13,Store_3,Item_5,295.9,0
2023-02-20,Store_3,Item_5,331.2,0
2023-02-27,Store_3,Item_5,212.8,0
2023-03-06,Store_3,Item_5,322.3,0
2023-03-13,Store_3,Item_5,431.5,1
2023-03-20,Store_3,Item_5,477.8,1
2023-03-27,Store_3,Item_5,237.5,0
2023-04-03,Store_3,Item_5,267.4,0
2023-04-10,Store_3,Item_5,264.0,1
2023-04-17,Store_3,Item_5,237.1,0
2023-04-24,Store_3,Item_5,184.0,0
2023-05-01,Store_3,Item_5,156.9,0
2023-05-08,Store_3,Item_5,166.0,0
2023-05-15,Store_3,Item_5,193.5,0
2023-05-22,Store_3,Item_5,169.6,0
2023-05-29,Store_3,Item_5,202.7,0
2023-06-05,Store_3,Item_5,147.4,0
2023-06-12,Store_3,Item_5,142.7,0
2023-06-19,Store_3,Item_5,367.5,1
2023-06-26,Store_3,Item_5,236.1,0
2023-07-03,Store_3,Item_5,270.6,1
2023-07-10,Store_3,Item_5,375.4,1
2023-07-17,Store_3,Item_5,270.1,0
2023-07-24,Store_3,Item_5,392.1,1
2023-07-31,Store_3,Item_5,260.4,0
2023-08-07,Store_3,Item_5,314.8,0
2023-08-14,Store_3,Item_5,412.8,1
2023-08-21,Store_3,Item_5,295.7,0
2023-08-28,Store_3,Item_5,307.6,0
2023-09-04,Store_3,Item_5,309.6,0
2023-09-11,Store_3,Item_5,317.5,0
2023-09-18,Store_3,Item_5,354.1,0
2023-09-25,Store_3,Item_5,365.4,0
2023-10-02,Store_3,Item_5,528.7,1
2023-10-09,Store_3,Item_5,437.2,0
2023-10-16,Store_3,Item_5,344.6,0
2023-10-23,Store_3,Item_5,395.2,0
2023-10-30,Store_3,Item_5,398.7,0
2023-11-06,Store_3,Item_5,446.9,0
2023-11-13,Store_3,Item_5,312.8,0
2023-11-20,Store_3,Item_5,494.6,0
2023-11-27,Store_3,Item_5,393.5,0
2023-12-04,Store_3,Item_5,523.0,0
2023-12-11,Store_3,Item_5,405.1,0
2023-12-18,Store_3,Item_5,429.3,0
2023-12-25,Store_3,Item_5,841.0,1
